plume_id,plume_latitude,plume_longitude,datetime,ipcc_sector,gas,cmf_type,plume_bounds,instrument,published_at,plume_png_object,plume_tif_object,rgb_png_object,rgb_tif_object,emission_auto,emission_uncertainty_auto,wind_speed_avg_auto,wind_speed_std_auto,wind_direction_avg_auto,wind_direction_std_auto,wind_source_auto,platform,provider,plume_tif,plume_png,rgb_tif,rgb_png
GAO20210427t173055p0000-2,28.94238901,-89.71738326,2021-04-27T17:30:55Z,Oil & Gas (1B2),CH4,mfm,"[-89.72199966372162, 28.93887656416108, -89.71383517153332, 28.946052835967812]",GAO,2023-05-14T20:25:09Z,NA,NA,NA,NA,173.8848582,74.27121506,NA,NA,NA,NA,hrrr,Global Airborne Observatory,ASU GDCS,GAO20210427t173055p0000-2_l3a-ch4-mf-v1_plume.tif,GAO20210427t173055p0000-2_l3a-ch4-mf-v1_plume.png,GAO20210427t173055p0000-2_l3a-ch4-mf-v1_rgb.tif,GAO20210427t173055p0000-2_l3a-ch4-mf-v1_rgb.png
GAO20210427t174712p0000-1,29.08860809,-89.28648602,2021-04-27T17:47:12Z,Oil & Gas (1B2),CH4,mfm,"[-89.29019515853041, 29.084831176951234, -89.28191381962355, 29.0920679926193]",GAO,2023-05-14T20:24:17Z,NA,NA,NA,NA,894.2902331,479.778628,NA,NA,NA,NA,hrrr,Global Airborne Observatory,ASU GDCS,GAO20210427t174712p0000-1_l3a-ch4-mf-v1_plume.tif,GAO20210427t174712p0000-1_l3a-ch4-mf-v1_plume.png,GAO20210427t174712p0000-1_l3a-ch4-mf-v1_rgb.tif,GAO20210427t174712p0000-1_l3a-ch4-mf-v1_rgb.png
GAO20210428t173030p0000-19,30.0370921,-93.332391,2021-04-28T17:30:30Z,Oil & Gas (1B2),CH4,mfm,"[-93.34955054434104, 30.0342489788009, -93.32585669804318, 30.05472774069516]",GAO,2023-05-14T20:23:41Z,NA,NA,NA,NA,5774.344132,1015.050665,NA,NA,NA,NA,hrrr,Global Airborne Observatory,ASU GDCS,GAO20210428t173030p0000-19_l3a-ch4-mf-v1_plume.tif,GAO20210428t173030p0000-19_l3a-ch4-mf-v1_plume.png,GAO20210428t173030p0000-19_l3a-ch4-mf-v1_rgb.tif,GAO20210428t173030p0000-19_l3a-ch4-mf-v1_rgb.png
GAO20210428t175223p0000-1,30.21084002,-93.29384363,2021-04-28T17:52:23Z,Oil & Gas (1B2),CH4,mfm,"[-93.29792814586696, 30.20767494356183, -93.28979830314832, 30.214700563101964]",GAO,2023-05-14T20:24:17Z,NA,NA,NA,NA,1124.412126,368.553345,NA,NA,NA,NA,hrrr,Global Airborne Observatory,ASU GDCS,GAO20210428t175223p0000-1_l3a-ch4-mf-v1_plume.tif,GAO20210428t175223p0000-1_l3a-ch4-mf-v1_plume.png,GAO20210428t175223p0000-1_l3a-ch4-mf-v1_rgb.tif,GAO20210428t175223p0000-1_l3a-ch4-mf-v1_rgb.png
GAO20210429t153811p0000-1,28.9470627,-89.70715225,2021-04-29T15:38:11Z,Oil & Gas (1B2),CH4,mfm,"[-89.7198217287521, 28.938506114836894, -89.71151330172165, 28.945776892705705]",GAO,2023-05-14T20:32:18Z,NA,NA,NA,NA,997.9919913,342.2138338,NA,NA,NA,NA,hrrr,Global Airborne Observatory,ASU GDCS,GAO20210429t153811p0000-1_l3a-ch4-mf-v1_plume.tif,GAO20210429t153811p0000-1_l3a-ch4-mf-v1_plume.png,GAO20210429t153811p0000-1_l3a-ch4-mf-v1_rgb.tif,GAO20210429t153811p0000-1_l3a-ch4-mf-v1_rgb.png
GAO20210429t154206p0000-1,28.94702765,-89.70700982,2021-04-29T15:42:06Z,Oil & Gas (1B2),CH4,mfm,"[-89.71119954335995, 28.943378116489257, -89.70292685531331, 28.950648753035427]",GAO,2023-05-14T20:32:18Z,NA,NA,NA,NA,1169.552375,429.7482011,NA,NA,NA,NA,hrrr,Global Airborne Observatory,ASU GDCS,GAO20210429t154206p0000-1_l3a-ch4-mf-v1_plume.tif,GAO20210429t154206p0000-1_l3a-ch4-mf-v1_plume.png,GAO20210429t154206p0000-1_l3a-ch4-mf-v1_rgb.tif,GAO20210429t154206p0000-1_l3a-ch4-mf-v1_rgb.png
GAO20210429t155110p0000-1,28.9987752,-89.959322,2021-04-29T15:51:10Z,Oil & Gas (1B2),CH4,mfm,"[-89.96493288801737, 28.99549706666881, -89.95661849764745, 29.002769057322485]",GAO,2023-05-14T20:25:09Z,NA,NA,NA,NA,1292.555851,423.9662055,NA,NA,NA,NA,hrrr,Global Airborne Observatory,ASU GDCS,GAO20210429t155110p0000-1_l3a-ch4-mf-v1_plume.tif,GAO20210429t155110p0000-1_l3a-ch4-mf-v1_plume.png,GAO20210429t155110p0000-1_l3a-ch4-mf-v1_rgb.tif,GAO20210429t155110p0000-1_l3a-ch4-mf-v1_rgb.png
GAO20210429t155501p0000-1,28.9988059,-89.959286,2021-04-29T15:55:01Z,Oil & Gas (1B2),CH4,mfm,"[-89.96518847575238, 28.996577031204403, -89.95691009710636, 29.00384892946375]",GAO,2023-05-14T20:25:09Z,NA,NA,NA,NA,2866.090369,819.2687628,NA,NA,NA,NA,hrrr,Global Airborne Observatory,ASU GDCS,GAO20210429t155501p0000-1_l3a-ch4-mf-v1_plume.tif,GAO20210429t155501p0000-1_l3a-ch4-mf-v1_plume.png,GAO20210429t155501p0000-1_l3a-ch4-mf-v1_rgb.tif,GAO20210429t155501p0000-1_l3a-ch4-mf-v1_rgb.png
GAO20210429t160113p0000-1,28.94592967,-90.03128299,2021-04-29T16:01:13Z,Oil & Gas (1B2),CH4,mfm,"[-90.03821115235633, 28.946687499904378, -90.03000818790174, 28.953865422852793]",GAO,2023-05-14T20:32:18Z,NA,NA,NA,NA,228.3960067,127.1852332,NA,NA,NA,NA,hrrr,Global Airborne Observatory,ASU GDCS,GAO20210429t160113p0000-1_l3a-ch4-mf-v1_plume.tif,GAO20210429t160113p0000-1_l3a-ch4-mf-v1_plume.png,GAO20210429t160113p0000-1_l3a-ch4-mf-v1_rgb.tif,GAO20210429t160113p0000-1_l3a-ch4-mf-v1_rgb.png
GAO20210429t160451p0000-1,28.94611421,-90.03106239,2021-04-29T16:04:51Z,Oil & Gas (1B2),CH4,mfm,"[-90.03546668226343, 28.942238986447446, -90.02726408192325, 28.949416899031284]",GAO,2023-05-14T20:32:18Z,NA,NA,NA,NA,176.6000783,103.5919886,NA,NA,NA,NA,hrrr,Global Airborne Observatory,ASU GDCS,GAO20210429t160451p0000-1_l3a-ch4-mf-v1_plume.tif,GAO20210429t160451p0000-1_l3a-ch4-mf-v1_plume.png,GAO20210429t160451p0000-1_l3a-ch4-mf-v1_rgb.tif,GAO20210429t160451p0000-1_l3a-ch4-mf-v1_rgb.png
GAO20210429t160936p0000-1,29.0981563,-89.98203,2021-04-29T16:09:36Z,Oil & Gas (1B2),CH4,mfm,"[-89.98622002417522, 29.094499911371038, -89.97804181542294, 29.101677415966503]",GAO,2023-05-14T20:24:17Z,NA,NA,NA,NA,112.1949593,61.35474008,NA,NA,NA,NA,hrrr,Global Airborne Observatory,ASU GDCS,GAO20210429t160936p0000-1_l3a-ch4-mf-v1_plume.tif,GAO20210429t160936p0000-1_l3a-ch4-mf-v1_plume.png,GAO20210429t160936p0000-1_l3a-ch4-mf-v1_rgb.tif,GAO20210429t160936p0000-1_l3a-ch4-mf-v1_rgb.png
GAO20210429t161338p0000-1,29.09829707,-89.98127143,2021-04-29T16:13:38Z,Oil & Gas (1B2),CH4,mfm,"[-89.9862560515867, 29.09449997768905, -89.97796975965281, 29.101708962441084]",GAO,2023-05-14T20:25:09Z,NA,NA,NA,NA,56.65916333,24.19273817,NA,NA,NA,NA,hrrr,Global Airborne Observatory,ASU GDCS,GAO20210429t161338p0000-1_l3a-ch4-mf-v1_plume.tif,GAO20210429t161338p0000-1_l3a-ch4-mf-v1_plume.png,GAO20210429t161338p0000-1_l3a-ch4-mf-v1_rgb.tif,GAO20210429t161338p0000-1_l3a-ch4-mf-v1_rgb.png
GAO20210429t164954p0000-1,28.9288187,-90.353459,2021-04-29T16:49:54Z,Oil & Gas (1B2),CH4,mfm,"[-90.36117368182026, 28.92547458375646, -90.35113605147912, 28.9342596431147]",GAO,2023-05-14T20:24:17Z,NA,NA,NA,NA,951.1427067,414.0081444,NA,NA,NA,NA,hrrr,Global Airborne Observatory,ASU GDCS,GAO20210429t164954p0000-1_l3a-ch4-mf-v1_plume.tif,GAO20210429t164954p0000-1_l3a-ch4-mf-v1_plume.png,GAO20210429t164954p0000-1_l3a-ch4-mf-v1_rgb.tif,GAO20210429t164954p0000-1_l3a-ch4-mf-v1_rgb.png
GAO20210429t165411p0000-1,28.928818,-90.353423,2021-04-29T16:54:11Z,Oil & Gas (1B2),CH4,mfm,"[-90.36005610445861, 28.925735009402025, -90.35088173913468, 28.93376453753432]",GAO,2023-05-14T20:25:09Z,NA,NA,NA,NA,1322.297293,551.1578267,NA,NA,NA,NA,hrrr,Global Airborne Observatory,ASU GDCS,GAO20210429t165411p0000-1_l3a-ch4-mf-v1_plume.tif,GAO20210429t165411p0000-1_l3a-ch4-mf-v1_plume.png,GAO20210429t165411p0000-1_l3a-ch4-mf-v1_rgb.tif,GAO20210429t165411p0000-1_l3a-ch4-mf-v1_rgb.png
GAO20210429t170220p0000-1,29.1137776,-90.483205,2021-04-29T17:02:20Z,Oil & Gas (1B2),CH4,mfm,"[-90.49152619167094, 29.10964895274316, -90.48146995926062, 29.11840312195191]",GAO,2023-05-14T20:24:17Z,NA,NA,NA,NA,500.9169815,146.598716,NA,NA,NA,NA,hrrr,Global Airborne Observatory,ASU GDCS,GAO20210429t170220p0000-1_l3a-ch4-mf-v1_plume.tif,GAO20210429t170220p0000-1_l3a-ch4-mf-v1_plume.png,GAO20210429t170220p0000-1_l3a-ch4-mf-v1_rgb.tif,GAO20210429t170220p0000-1_l3a-ch4-mf-v1_rgb.png
GAO20210429t170658p0000-1,29.113683,-90.483207,2021-04-29T17:06:58Z,Oil & Gas (1B2),CH4,mfm,"[-90.48971287427513, 29.110371481006734, -90.48149499151113, 29.11755106461192]",GAO,2023-05-14T20:25:09Z,NA,NA,NA,NA,436.0597018,122.2539124,NA,NA,NA,NA,hrrr,Global Airborne Observatory,ASU GDCS,GAO20210429t170658p0000-1_l3a-ch4-mf-v1_plume.tif,GAO20210429t170658p0000-1_l3a-ch4-mf-v1_plume.png,GAO20210429t170658p0000-1_l3a-ch4-mf-v1_rgb.tif,GAO20210429t170658p0000-1_l3a-ch4-mf-v1_rgb.png
GAO20210429t171206p0000-1,29.11836911,-90.50247409,2021-04-29T17:12:06Z,Oil & Gas (1B2),CH4,mfm,"[-90.50770324630025, 29.114305978045483, -90.49948486843026, 29.12145423059624]",GAO,2023-05-14T20:23:41Z,NA,NA,NA,NA,216.5351661,47.22500963,NA,NA,NA,NA,hrrr,Global Airborne Observatory,ASU GDCS,GAO20210429t171206p0000-1_l3a-ch4-mf-v1_plume.tif,GAO20210429t171206p0000-1_l3a-ch4-mf-v1_plume.png,GAO20210429t171206p0000-1_l3a-ch4-mf-v1_rgb.tif,GAO20210429t171206p0000-1_l3a-ch4-mf-v1_rgb.png
GAO20210429t171648p0000-1,29.11830666,-90.50251156,2021-04-29T17:16:48Z,Oil & Gas (1B2),CH4,mfm,"[-90.50791801446337, 29.114342305036136, -90.49973578282884, 29.121490467075088]",GAO,2023-05-14T20:25:09Z,NA,NA,NA,NA,263.4045135,63.00963939,NA,NA,NA,NA,hrrr,Global Airborne Observatory,ASU GDCS,GAO20210429t171648p0000-1_l3a-ch4-mf-v1_plume.tif,GAO20210429t171648p0000-1_l3a-ch4-mf-v1_plume.png,GAO20210429t171648p0000-1_l3a-ch4-mf-v1_rgb.tif,GAO20210429t171648p0000-1_l3a-ch4-mf-v1_rgb.png
GAO20210503t165940p0000-1,28.9465431,-89.706559,2021-05-03T16:59:40Z,Oil & Gas (1B2),CH4,mfm,"[-89.71074527573343, 28.943020533500746, -89.7025805263231, 28.95019674434767]",GAO,2023-05-14T20:24:17Z,NA,NA,NA,NA,3010.770566,503.1219717,NA,NA,NA,NA,hrrr,Global Airborne Observatory,ASU GDCS,GAO20210503t165940p0000-1_l3a-ch4-mf-v1_plume.tif,GAO20210503t165940p0000-1_l3a-ch4-mf-v1_plume.png,GAO20210503t165940p0000-1_l3a-ch4-mf-v1_rgb.tif,GAO20210503t165940p0000-1_l3a-ch4-mf-v1_rgb.png
GAO20210503t165940p0000-2,28.94229,-89.715915,2021-05-03T16:59:40Z,Oil & Gas (1B2),CH4,mfm,"[-89.72003387117178, 28.938605981285885, -89.7117254349113, 28.945876760223086]",GAO,2023-05-14T20:25:09Z,NA,NA,NA,NA,1128.548011,153.755374,NA,NA,NA,NA,hrrr,Global Airborne Observatory,ASU GDCS,GAO20210503t165940p0000-2_l3a-ch4-mf-v1_plume.tif,GAO20210503t165940p0000-2_l3a-ch4-mf-v1_plume.png,GAO20210503t165940p0000-2_l3a-ch4-mf-v1_rgb.tif,GAO20210503t165940p0000-2_l3a-ch4-mf-v1_rgb.png
GAO20210504t151639p0000-1,29.57077331,-89.51239308,2021-05-04T15:16:39Z,Oil & Gas (1B2),CH4,mfm,"[-89.52852071317533, 29.583191874616368, -89.52027009141818, 29.59036668856164]",GAO,2023-05-14T20:32:18Z,NA,NA,NA,NA,84.57493782,22.95284076,NA,NA,NA,NA,hrrr,Global Airborne Observatory,ASU GDCS,GAO20210504t151639p0000-1_l3a-ch4-mf-v1_plume.tif,GAO20210504t151639p0000-1_l3a-ch4-mf-v1_plume.png,GAO20210504t151639p0000-1_l3a-ch4-mf-v1_rgb.tif,GAO20210504t151639p0000-1_l3a-ch4-mf-v1_rgb.png
GAO20210507t161606p0000-1,29.33279104,-91.87155783,2021-05-07T16:16:06Z,Oil & Gas (1B2),CH4,mfm,"[-91.87599568104513, 29.32883020802801, -91.86793665791446, 29.335887511742065]",GAO,2023-05-14T20:24:17Z,NA,NA,NA,NA,118.887127,24.05667895,NA,NA,NA,NA,hrrr,Global Airborne Observatory,ASU GDCS,GAO20210507t161606p0000-1_l3a-ch4-mf-v1_plume.tif,GAO20210507t161606p0000-1_l3a-ch4-mf-v1_plume.png,GAO20210507t161606p0000-1_l3a-ch4-mf-v1_rgb.tif,GAO20210507t161606p0000-1_l3a-ch4-mf-v1_rgb.png
GAO20210507t161928p0000-1,29.3790838,-91.753159,2021-05-07T16:19:28Z,Oil & Gas (1B2),CH4,mfm,"[-91.75746073213843, 29.374903931723598, -91.7492897509054, 29.382024110606363]",GAO,2023-05-14T20:25:09Z,NA,NA,NA,NA,352.4587215,164.1441568,NA,NA,NA,NA,hrrr,Global Airborne Observatory,ASU GDCS,GAO20210507t161928p0000-1_l3a-ch4-mf-v1_plume.tif,GAO20210507t161928p0000-1_l3a-ch4-mf-v1_plume.png,GAO20210507t161928p0000-1_l3a-ch4-mf-v1_rgb.tif,GAO20210507t161928p0000-1_l3a-ch4-mf-v1_rgb.png
GAO20210507t162307p0000-1,29.33276067,-91.87170235,2021-05-07T16:23:07Z,Oil & Gas (1B2),CH4,mfm,"[-91.87668231589305, 29.32867774769691, -91.86855092059638, 29.335766648621096]",GAO,2023-05-14T20:32:18Z,NA,NA,NA,NA,1296.815464,497.1839576,NA,NA,NA,NA,hrrr,Global Airborne Observatory,ASU GDCS,GAO20210507t162307p0000-1_l3a-ch4-mf-v1_plume.tif,GAO20210507t162307p0000-1_l3a-ch4-mf-v1_plume.png,GAO20210507t162307p0000-1_l3a-ch4-mf-v1_rgb.tif,GAO20210507t162307p0000-1_l3a-ch4-mf-v1_rgb.png
GAO20210507t163418p0000-1,29.19034774,-91.61690201,2021-05-07T16:34:18Z,Oil & Gas (1B2),CH4,mfm,"[-91.62141790368328, 29.186079127699596, -91.61326225976934, 29.193167585535544]",GAO,2023-05-14T20:32:18Z,NA,NA,NA,NA,57.4180093,17.2586131,NA,NA,NA,NA,hrrr,Global Airborne Observatory,ASU GDCS,GAO20210507t163418p0000-1_l3a-ch4-mf-v1_plume.tif,GAO20210507t163418p0000-1_l3a-ch4-mf-v1_plume.png,GAO20210507t163418p0000-1_l3a-ch4-mf-v1_rgb.tif,GAO20210507t163418p0000-1_l3a-ch4-mf-v1_rgb.png
GAO20210507t165132p0000-1,29.0775171,-90.870788,2021-05-07T16:51:32Z,Oil & Gas (1B2),CH4,mfm,"[-90.87532284563841, 29.073366435072312, -90.86710620519258, 29.080516018921795]",GAO,2023-05-14T20:24:17Z,NA,NA,NA,NA,267.5993205,54.71622734,NA,NA,NA,NA,hrrr,Global Airborne Observatory,ASU GDCS,GAO20210507t165132p0000-1_l3a-ch4-mf-v1_plume.tif,GAO20210507t165132p0000-1_l3a-ch4-mf-v1_plume.png,GAO20210507t165132p0000-1_l3a-ch4-mf-v1_rgb.tif,GAO20210507t165132p0000-1_l3a-ch4-mf-v1_rgb.png
GAO20210507t170250p0000-1,28.8671697,-90.491146,2021-05-07T17:02:50Z,Oil & Gas (1B2),CH4,mfm,"[-90.4956528512183, 28.86277734369752, -90.48745432194504, 28.86992570035798]",GAO,2023-05-14T20:24:17Z,NA,NA,NA,NA,482.2169989,195.4039962,NA,NA,NA,NA,hrrr,Global Airborne Observatory,ASU GDCS,GAO20210507t170250p0000-1_l3a-ch4-mf-v1_plume.tif,GAO20210507t170250p0000-1_l3a-ch4-mf-v1_plume.png,GAO20210507t170250p0000-1_l3a-ch4-mf-v1_rgb.tif,GAO20210507t170250p0000-1_l3a-ch4-mf-v1_rgb.png
GAO20210507t170718p0000-1,28.9289659,-90.352917,2021-05-07T17:07:18Z,Oil & Gas (1B2),CH4,mfm,"[-90.35684521916056, 28.923620137073748, -90.3486785395387, 28.93079938817563]",GAO,2023-05-14T20:25:09Z,NA,NA,NA,NA,1115.421783,211.7407106,NA,NA,NA,NA,hrrr,Global Airborne Observatory,ASU GDCS,GAO20210507t170718p0000-1_l3a-ch4-mf-v1_plume.tif,GAO20210507t170718p0000-1_l3a-ch4-mf-v1_plume.png,GAO20210507t170718p0000-1_l3a-ch4-mf-v1_rgb.tif,GAO20210507t170718p0000-1_l3a-ch4-mf-v1_rgb.png
GAO20210507t173628p0000-1,29.229527,-89.390137,2021-05-07T17:36:28Z,Oil & Gas (1B2),CH4,mfm,"[-89.39431852533671, 29.22529436080727, -89.38602522893221, 29.232531719697374]",GAO,2023-05-14T20:24:17Z,NA,NA,NA,NA,532.7326854,126.9462005,NA,NA,NA,NA,hrrr,Global Airborne Observatory,ASU GDCS,GAO20210507t173628p0000-1_l3a-ch4-mf-v1_plume.tif,GAO20210507t173628p0000-1_l3a-ch4-mf-v1_plume.png,GAO20210507t173628p0000-1_l3a-ch4-mf-v1_rgb.tif,GAO20210507t173628p0000-1_l3a-ch4-mf-v1_rgb.png
GAO20210507t174809p0000-1,29.5697876,-89.510911,2021-05-07T17:48:09Z,Oil & Gas (1B2),CH4,mfm,"[-89.51452860882986, 29.56136653563041, -89.50030973249962, 29.57370228534947]",GAO,2023-05-14T20:26:01Z,NA,NA,NA,NA,2510.497911,374.4899999,NA,NA,NA,NA,hrrr,Global Airborne Observatory,ASU GDCS,GAO20210507t174809p0000-1_l3a-ch4-mf-v1_plume.tif,GAO20210507t174809p0000-1_l3a-ch4-mf-v1_plume.png,GAO20210507t174809p0000-1_l3a-ch4-mf-v1_rgb.tif,GAO20210507t174809p0000-1_l3a-ch4-mf-v1_rgb.png
GAO20210508t153124p0000-1,30.467475,-92.521425,2021-05-08T15:31:24Z,Oil & Gas (1B2),CH4,mfm,"[-92.525623460641, 30.464798042109198, -92.51743565019667, 30.471823690506138]",GAO,2023-05-14T20:24:17Z,NA,NA,NA,NA,256.1151663,122.6329248,NA,NA,NA,NA,hrrr,Global Airborne Observatory,ASU GDCS,GAO20210508t153124p0000-1_l3a-ch4-mf-v1_plume.tif,GAO20210508t153124p0000-1_l3a-ch4-mf-v1_plume.png,GAO20210508t153124p0000-1_l3a-ch4-mf-v1_rgb.tif,GAO20210508t153124p0000-1_l3a-ch4-mf-v1_rgb.png
GAO20210508t162942p0000-1,30.00826304,-92.77644607,2021-05-08T16:29:42Z,Oil & Gas (1B2),CH4,mfm,"[-92.78033623631877, 30.005221889133665, -92.7722226499422, 30.012247842494887]",GAO,2023-05-14T20:32:18Z,NA,NA,NA,NA,782.9620506,460.745622,NA,NA,NA,NA,hrrr,Global Airborne Observatory,ASU GDCS,GAO20210508t162942p0000-1_l3a-ch4-mf-v1_plume.tif,GAO20210508t162942p0000-1_l3a-ch4-mf-v1_plume.png,GAO20210508t162942p0000-1_l3a-ch4-mf-v1_rgb.tif,GAO20210508t162942p0000-1_l3a-ch4-mf-v1_rgb.png
GAO20210508t171534p0000-1,29.11843424,-90.50258039,2021-05-08T17:15:34Z,Oil & Gas (1B2),CH4,mfm,"[-90.50673363450272, 29.1142563461643, -90.49851515860267, 29.121436176817582]",GAO,2023-05-14T20:25:09Z,NA,NA,NA,NA,299.2924808,103.3894662,NA,NA,NA,NA,hrrr,Global Airborne Observatory,ASU GDCS,GAO20210508t171534p0000-1_l3a-ch4-mf-v1_plume.tif,GAO20210508t171534p0000-1_l3a-ch4-mf-v1_plume.png,GAO20210508t171534p0000-1_l3a-ch4-mf-v1_rgb.tif,GAO20210508t171534p0000-1_l3a-ch4-mf-v1_rgb.png
GAO20210508t171948p0000-1,29.118294,-90.502532,2021-05-08T17:19:48Z,Oil & Gas (1B2),CH4,mfm,"[-90.50693012305732, 29.11505013951844, -90.49874783997154, 29.122198297317357]",GAO,2023-05-14T20:25:09Z,NA,NA,NA,NA,300.9385629,66.77087727,NA,NA,NA,NA,hrrr,Global Airborne Observatory,ASU GDCS,GAO20210508t171948p0000-1_l3a-ch4-mf-v1_plume.tif,GAO20210508t171948p0000-1_l3a-ch4-mf-v1_plume.png,GAO20210508t171948p0000-1_l3a-ch4-mf-v1_rgb.tif,GAO20210508t171948p0000-1_l3a-ch4-mf-v1_rgb.png
GAO20210508t172714p0000-1,28.9290248,-90.3527,2021-05-08T17:27:14Z,Oil & Gas (1B2),CH4,mfm,"[-90.35734396933317, 28.926597041611487, -90.34914107852704, 28.93374480504712]",GAO,2023-05-14T20:24:17Z,NA,NA,NA,NA,560.6194586,96.28613167,NA,NA,NA,NA,hrrr,Global Airborne Observatory,ASU GDCS,GAO20210508t172714p0000-1_l3a-ch4-mf-v1_plume.tif,GAO20210508t172714p0000-1_l3a-ch4-mf-v1_plume.png,GAO20210508t172714p0000-1_l3a-ch4-mf-v1_rgb.tif,GAO20210508t172714p0000-1_l3a-ch4-mf-v1_rgb.png
GAO20210508t173515p0000-1,28.94661265,-90.03076104,2021-05-08T17:35:15Z,Oil & Gas (1B2),CH4,mfm,"[-90.03538397394637, 28.945141485737395, -90.02718125242671, 28.952287822675444]",GAO,2023-05-14T20:25:09Z,NA,NA,NA,NA,251.8747834,105.1738728,NA,NA,NA,NA,hrrr,Global Airborne Observatory,ASU GDCS,GAO20210508t173515p0000-1_l3a-ch4-mf-v1_plume.tif,GAO20210508t173515p0000-1_l3a-ch4-mf-v1_plume.png,GAO20210508t173515p0000-1_l3a-ch4-mf-v1_rgb.tif,GAO20210508t173515p0000-1_l3a-ch4-mf-v1_rgb.png
GAO20210508t174014p0000-1,28.9990559,-89.959171,2021-05-08T17:40:14Z,Oil & Gas (1B2),CH4,mfm,"[-89.96709824581174, 28.99735026857359, -89.95385247363568, 29.008934929683726]",GAO,2023-05-14T20:23:41Z,NA,NA,NA,NA,736.2700812,211.6377001,NA,NA,NA,NA,hrrr,Global Airborne Observatory,ASU GDCS,GAO20210508t174014p0000-1_l3a-ch4-mf-v1_plume.tif,GAO20210508t174014p0000-1_l3a-ch4-mf-v1_plume.png,GAO20210508t174014p0000-1_l3a-ch4-mf-v1_rgb.tif,GAO20210508t174014p0000-1_l3a-ch4-mf-v1_rgb.png
GAO20210508t174655p0000-1,29.09829464,-89.98116368,2021-05-08T17:46:55Z,Oil & Gas (1B2),CH4,mfm,"[-89.98556532216904, 29.097231621065514, -89.9773509785017, 29.104409029188155]",GAO,2023-05-14T20:24:17Z,NA,NA,NA,NA,172.8913811,29.45957054,NA,NA,NA,NA,hrrr,Global Airborne Observatory,ASU GDCS,GAO20210508t174655p0000-1_l3a-ch4-mf-v1_plume.tif,GAO20210508t174655p0000-1_l3a-ch4-mf-v1_plume.png,GAO20210508t174655p0000-1_l3a-ch4-mf-v1_rgb.tif,GAO20210508t174655p0000-1_l3a-ch4-mf-v1_rgb.png
GAO20210508t174655p0000-2,29.1010755,-89.978495,2021-05-08T17:46:55Z,Oil & Gas (1B2),CH4,mfm,"[-89.98359469012311, 29.099460343794295, -89.97426313854817, 29.10758223522043]",GAO,2023-05-14T20:24:17Z,NA,NA,NA,NA,1233.000126,176.5607143,NA,NA,NA,NA,hrrr,Global Airborne Observatory,ASU GDCS,GAO20210508t174655p0000-2_l3a-ch4-mf-v1_plume.tif,GAO20210508t174655p0000-2_l3a-ch4-mf-v1_plume.png,GAO20210508t174655p0000-2_l3a-ch4-mf-v1_rgb.tif,GAO20210508t174655p0000-2_l3a-ch4-mf-v1_rgb.png
GAO20210508t175607p0000-1,28.94676,-89.706813,2021-05-08T17:56:07Z,Oil & Gas (1B2),CH4,mfm,"[-89.7142883191586, 28.945506517963047, -89.70425289745903, 28.954256473327973]",GAO,2023-05-14T20:32:18Z,NA,NA,NA,NA,1125.74886,358.047166,NA,NA,NA,NA,hrrr,Global Airborne Observatory,ASU GDCS,GAO20210508t175607p0000-1_l3a-ch4-mf-v1_plume.tif,GAO20210508t175607p0000-1_l3a-ch4-mf-v1_plume.png,GAO20210508t175607p0000-1_l3a-ch4-mf-v1_rgb.tif,GAO20210508t175607p0000-1_l3a-ch4-mf-v1_rgb.png
GAO20210508t181134p0000-1,29.571036200000002,-89.51159,2021-05-08T18:11:34Z,Oil & Gas (1B2),CH4,mfm,"[-89.52775688785088, 29.56793328370507, -89.50857974432138, 29.58461163398459]",GAO,2023-05-14T20:25:09Z,NA,NA,NA,NA,1284.21889,410.030723,NA,NA,NA,NA,hrrr,Global Airborne Observatory,ASU GDCS,GAO20210508t181134p0000-1_l3a-ch4-mf-v1_plume.tif,GAO20210508t181134p0000-1_l3a-ch4-mf-v1_plume.png,GAO20210508t181134p0000-1_l3a-ch4-mf-v1_rgb.tif,GAO20210508t181134p0000-1_l3a-ch4-mf-v1_rgb.png
GAO20211019t175832p0000-A,29.113595,-90.483592,2021-10-19T17:58:32Z,Oil & Gas (1B2),CH4,mf,"[-90.49062628454739, 29.10817969772833, -90.48060624108797, 29.116965353642954]",GAO,2023-05-14T20:34:00Z,NA,NA,NA,NA,1486.363275,405.8987195,NA,NA,NA,NA,hrrr,Global Airborne Observatory,ASU GDCS,GAO20211019t175832p0000-A_l3a-ch4-mf-v1_plume.tif,GAO20211019t175832p0000-A_l3a-ch4-mf-v1_plume.png,GAO20211019t175832p0000-A_l3a-ch4-mf-v1_rgb.tif,GAO20211019t175832p0000-A_l3a-ch4-mf-v1_rgb.png
GAO20211019t180125p0000-A,29.091691,-90.513144,2021-10-19T18:01:25Z,Oil & Gas (1B2),CH4,mf,"[-90.5235731770648, 29.08350485984774, -90.51063642734852, 29.09480982279955]",GAO,2023-05-14T20:34:00Z,NA,NA,NA,NA,656.8804891,281.5470962,NA,NA,NA,NA,hrrr,Global Airborne Observatory,ASU GDCS,GAO20211019t180125p0000-A_l3a-ch4-mf-v1_plume.tif,GAO20211019t180125p0000-A_l3a-ch4-mf-v1_plume.png,GAO20211019t180125p0000-A_l3a-ch4-mf-v1_rgb.tif,GAO20211019t180125p0000-A_l3a-ch4-mf-v1_rgb.png
GAO20211021t173002p0000-A,28.86720664,-90.49143222,2021-10-21T17:30:02Z,Oil & Gas (1B2),CH4,mf,"[-90.49639657334357, 28.863170810013784, -90.48823396730695, 28.87035065994513]",GAO,2023-05-14T20:34:00Z,NA,NA,NA,NA,460.6287301,357.5594874,NA,NA,NA,NA,hrrr,Global Airborne Observatory,ASU GDCS,GAO20211021t173002p0000-A_l3a-ch4-mf-v1_plume.tif,GAO20211021t173002p0000-A_l3a-ch4-mf-v1_plume.png,GAO20211021t173002p0000-A_l3a-ch4-mf-v1_rgb.tif,GAO20211021t173002p0000-A_l3a-ch4-mf-v1_rgb.png
GAO20211021t181518p0000-A,29.57101037,-89.51180732,2021-10-21T18:15:18Z,Oil & Gas (1B2),CH4,mf,"[-89.52672935505883, 29.568129608964902, -89.50273922114737, 29.58902480637561]",GAO,2023-05-14T20:34:00Z,NA,NA,NA,NA,925.1704994,690.1458518,NA,NA,NA,NA,hrrr,Global Airborne Observatory,ASU GDCS,GAO20211021t181518p0000-A_l3a-ch4-mf-v1_plume.tif,GAO20211021t181518p0000-A_l3a-ch4-mf-v1_plume.png,GAO20211021t181518p0000-A_l3a-ch4-mf-v1_rgb.tif,GAO20211021t181518p0000-A_l3a-ch4-mf-v1_rgb.png
GAO20211021t182109p0000-A,29.53124277,-89.4865071,2021-10-21T18:21:09Z,Oil & Gas (1B2),CH4,mf,"[-89.49021619015932, 29.527840172522883, -89.48193402640118, 29.535014894730374]",GAO,2023-05-14T20:34:00Z,NA,NA,NA,NA,147.9028932,92.57449518,NA,NA,NA,NA,hrrr,Global Airborne Observatory,ASU GDCS,GAO20211021t182109p0000-A_l3a-ch4-mf-v1_plume.tif,GAO20211021t182109p0000-A_l3a-ch4-mf-v1_plume.png,GAO20211021t182109p0000-A_l3a-ch4-mf-v1_rgb.tif,GAO20211021t182109p0000-A_l3a-ch4-mf-v1_rgb.png
GAO20211021t182524p0000-A,29.452151,-89.402357,2021-10-21T18:25:24Z,Oil & Gas (1B2),CH4,mf,"[-89.41057576228158, 29.44969408877427, -89.3934463659041, 29.464640524129827]",GAO,2023-05-14T20:34:00Z,NA,NA,NA,NA,257.238298,121.9504618,NA,NA,NA,NA,hrrr,Global Airborne Observatory,ASU GDCS,GAO20211021t182524p0000-A_l3a-ch4-mf-v1_plume.tif,GAO20211021t182524p0000-A_l3a-ch4-mf-v1_plume.png,GAO20211021t182524p0000-A_l3a-ch4-mf-v1_rgb.tif,GAO20211021t182524p0000-A_l3a-ch4-mf-v1_rgb.png
GAO20211021t182920p0000-A,29.41951708,-89.51368429,2021-10-21T18:29:20Z,Oil & Gas (1B2),CH4,mf,"[-89.51758594102263, 29.416656120072197, -89.50938487308012, 29.423831049834963]",GAO,2023-05-14T20:34:00Z,NA,NA,NA,NA,699.8733393,344.6370086,NA,NA,NA,NA,hrrr,Global Airborne Observatory,ASU GDCS,GAO20211021t182920p0000-A_l3a-ch4-mf-v1_plume.tif,GAO20211021t182920p0000-A_l3a-ch4-mf-v1_plume.png,GAO20211021t182920p0000-A_l3a-ch4-mf-v1_rgb.tif,GAO20211021t182920p0000-A_l3a-ch4-mf-v1_rgb.png
GAO20211025t161218p0000-A,29.332159,-91.871298,2021-10-25T16:12:18Z,Oil & Gas (1B2),CH4,mf,"[-91.87588448096537, 29.318864391768763, -91.85752680975305, 29.33483783487082]",GAO,2023-05-14T20:34:00Z,NA,NA,NA,NA,1195.062007,735.6380517,NA,NA,NA,NA,hrrr,Global Airborne Observatory,ASU GDCS,GAO20211025t161218p0000-A_l3a-ch4-mf-v1_plume.tif,GAO20211025t161218p0000-A_l3a-ch4-mf-v1_plume.png,GAO20211025t161218p0000-A_l3a-ch4-mf-v1_rgb.tif,GAO20211025t161218p0000-A_l3a-ch4-mf-v1_rgb.png
GAO20211025t161610p0000-A,29.3787666,-91.75301827,2021-10-25T16:16:10Z,Oil & Gas (1B2),CH4,mf,"[-91.75644883661573, 29.37508400532175, -91.74827784310409, 29.382204182305074]",GAO,2023-05-14T20:34:00Z,NA,NA,NA,NA,277.7307225,158.6148125,NA,NA,NA,NA,hrrr,Global Airborne Observatory,ASU GDCS,GAO20211025t161610p0000-A_l3a-ch4-mf-v1_plume.tif,GAO20211025t161610p0000-A_l3a-ch4-mf-v1_plume.png,GAO20211025t161610p0000-A_l3a-ch4-mf-v1_rgb.tif,GAO20211025t161610p0000-A_l3a-ch4-mf-v1_rgb.png
GAO20211025t162621p0000-A,29.18996,-91.617158,2021-10-25T16:26:21Z,Oil & Gas (1B2),CH4,mf,"[-91.62012696227511, 29.185718385066327, -91.61197134971003, 29.19280684058758]",GAO,2023-05-14T20:34:00Z,NA,NA,NA,NA,100.6060111,39.89257661,NA,NA,NA,NA,hrrr,Global Airborne Observatory,ASU GDCS,GAO20211025t162621p0000-A_l3a-ch4-mf-v1_plume.tif,GAO20211025t162621p0000-A_l3a-ch4-mf-v1_plume.png,GAO20211025t162621p0000-A_l3a-ch4-mf-v1_rgb.tif,GAO20211025t162621p0000-A_l3a-ch4-mf-v1_rgb.png
GAO20211025t163203p0000-A,29.061573,-91.445289,2021-10-25T16:32:03Z,Oil & Gas (1B2),CH4,mf,"[-91.44783443873517, 29.055980436815325, -91.43817569544153, 29.06442323921633]",GAO,2023-05-14T20:34:00Z,NA,NA,NA,NA,568.5505283,245.7897977,NA,NA,NA,NA,hrrr,Global Airborne Observatory,ASU GDCS,GAO20211025t163203p0000-A_l3a-ch4-mf-v1_plume.tif,GAO20211025t163203p0000-A_l3a-ch4-mf-v1_plume.png,GAO20211025t163203p0000-A_l3a-ch4-mf-v1_rgb.tif,GAO20211025t163203p0000-A_l3a-ch4-mf-v1_rgb.png
GAO20211025t164726p0000-A,28.954972,-90.960176,2021-10-25T16:47:26Z,Oil & Gas (1B2),CH4,mf,"[-90.96378830143261, 28.942934616949167, -90.94636644095468, 28.958179402375883]",GAO,2023-05-14T20:34:00Z,NA,NA,NA,NA,941.601369,341.5314904,NA,NA,NA,NA,hrrr,Global Airborne Observatory,ASU GDCS,GAO20211025t164726p0000-A_l3a-ch4-mf-v1_plume.tif,GAO20211025t164726p0000-A_l3a-ch4-mf-v1_plume.png,GAO20211025t164726p0000-A_l3a-ch4-mf-v1_rgb.tif,GAO20211025t164726p0000-A_l3a-ch4-mf-v1_rgb.png
GAO20211025t165627p0000-A,29.026225,-90.843002,2021-10-25T16:56:27Z,Oil & Gas (1B2),CH4,mf,"[-90.84447414281787, 29.021842926047675, -90.83626168460407, 29.028992441198017]",GAO,2023-05-14T20:34:00Z,NA,NA,NA,NA,137.8682487,28.05427825,NA,NA,NA,NA,hrrr,Global Airborne Observatory,ASU GDCS,GAO20211025t165627p0000-A_l3a-ch4-mf-v1_plume.tif,GAO20211025t165627p0000-A_l3a-ch4-mf-v1_plume.png,GAO20211025t165627p0000-A_l3a-ch4-mf-v1_rgb.tif,GAO20211025t165627p0000-A_l3a-ch4-mf-v1_rgb.png
GAO20211025t171521p0000-A,29.091914,-90.51296,2021-10-25T17:15:21Z,Oil & Gas (1B2),CH4,mf,"[-90.51436520235788, 29.085413702014094, -90.50528419386667, 29.093380742394555]",GAO,2023-05-14T20:34:00Z,NA,NA,NA,NA,318.4336183,174.4221971,NA,NA,NA,NA,hrrr,Global Airborne Observatory,ASU GDCS,GAO20211025t171521p0000-A_l3a-ch4-mf-v1_plume.tif,GAO20211025t171521p0000-A_l3a-ch4-mf-v1_plume.png,GAO20211025t171521p0000-A_l3a-ch4-mf-v1_rgb.tif,GAO20211025t171521p0000-A_l3a-ch4-mf-v1_rgb.png
GAO20211025t171836p0000-A,29.113643,-90.4831,2021-10-25T17:18:36Z,Oil & Gas (1B2),CH4,mf,"[-90.48525528984433, 29.108866205391205, -90.47703733663266, 29.116045955583473]",GAO,2023-05-14T20:34:00Z,NA,NA,NA,NA,244.8254839,67.65267301,NA,NA,NA,NA,hrrr,Global Airborne Observatory,ASU GDCS,GAO20211025t171836p0000-A_l3a-ch4-mf-v1_plume.tif,GAO20211025t171836p0000-A_l3a-ch4-mf-v1_plume.png,GAO20211025t171836p0000-A_l3a-ch4-mf-v1_rgb.tif,GAO20211025t171836p0000-A_l3a-ch4-mf-v1_rgb.png
GAO20211025t172210p0000-A,29.11833956,-90.50258268,2021-10-25T17:22:10Z,Oil & Gas (1B2),CH4,mf,"[-90.50501537696782, 29.113940189761195, -90.49679693373936, 29.12112001393673]",GAO,2023-05-14T20:34:00Z,NA,NA,NA,NA,47.76990824,11.47298814,NA,NA,NA,NA,hrrr,Global Airborne Observatory,ASU GDCS,GAO20211025t172210p0000-A_l3a-ch4-mf-v1_plume.tif,GAO20211025t172210p0000-A_l3a-ch4-mf-v1_plume.png,GAO20211025t172210p0000-A_l3a-ch4-mf-v1_rgb.tif,GAO20211025t172210p0000-A_l3a-ch4-mf-v1_rgb.png
GAO20211025t172529p0000-A,29.12086,-90.518024,2021-10-25T17:25:29Z,Oil & Gas (1B2),CH4,mf,"[-90.52013132487518, 29.116336324920884, -90.51191262489769, 29.123516206140877]",GAO,2023-05-14T20:34:00Z,NA,NA,NA,NA,230.1872375,118.5217668,NA,NA,NA,NA,hrrr,Global Airborne Observatory,ASU GDCS,GAO20211025t172529p0000-A_l3a-ch4-mf-v1_plume.tif,GAO20211025t172529p0000-A_l3a-ch4-mf-v1_plume.png,GAO20211025t172529p0000-A_l3a-ch4-mf-v1_rgb.tif,GAO20211025t172529p0000-A_l3a-ch4-mf-v1_rgb.png
GAO20211025t173350p0000-A,29.206092,-90.508376,2021-10-25T17:33:50Z,Oil & Gas (1B2),CH4,mf,"[-90.51254787040047, 29.202678144876817, -90.50428648264919, 29.209889250564895]",GAO,2023-05-14T20:34:00Z,NA,NA,NA,NA,309.578354,108.1098364,NA,NA,NA,NA,hrrr,Global Airborne Observatory,ASU GDCS,GAO20211025t173350p0000-A_l3a-ch4-mf-v1_plume.tif,GAO20211025t173350p0000-A_l3a-ch4-mf-v1_plume.png,GAO20211025t173350p0000-A_l3a-ch4-mf-v1_rgb.tif,GAO20211025t173350p0000-A_l3a-ch4-mf-v1_rgb.png
GAO20211025t173728p0000-A,29.22248851,-90.47993832,2021-10-25T17:37:28Z,Oil & Gas (1B2),CH4,mf,"[-90.48176379806789, 29.218046652534554, -90.47350121532784, 29.225226231314114]",GAO,2023-05-14T20:34:00Z,NA,NA,NA,NA,504.8252958,174.6974725,NA,NA,NA,NA,hrrr,Global Airborne Observatory,ASU GDCS,GAO20211025t173728p0000-A_l3a-ch4-mf-v1_plume.tif,GAO20211025t173728p0000-A_l3a-ch4-mf-v1_plume.png,GAO20211025t173728p0000-A_l3a-ch4-mf-v1_rgb.tif,GAO20211025t173728p0000-A_l3a-ch4-mf-v1_rgb.png
GAO20211025t182829p0000-A,28.98940358,-89.26620975,2021-10-25T18:28:29Z,Oil & Gas (1B2),CH4,mf,"[-89.26988761020526, 28.985373810319764, -89.26161443778399, 28.992641922999667]",GAO,2023-05-14T20:34:00Z,NA,NA,NA,NA,60.57301208,43.68003247,NA,NA,NA,NA,hrrr,Global Airborne Observatory,ASU GDCS,GAO20211025t182829p0000-A_l3a-ch4-mf-v1_plume.tif,GAO20211025t182829p0000-A_l3a-ch4-mf-v1_plume.png,GAO20211025t182829p0000-A_l3a-ch4-mf-v1_rgb.tif,GAO20211025t182829p0000-A_l3a-ch4-mf-v1_rgb.png
GAO20211025t183119p0000-A,28.98940158,-89.26613804,2021-10-25T18:31:19Z,Oil & Gas (1B2),CH4,mf,"[-89.27020009393799, 28.985666488731695, -89.2619268961092, 28.992934603161753]",GAO,2023-05-14T20:34:00Z,NA,NA,NA,NA,78.64808407,38.98922455,NA,NA,NA,NA,hrrr,Global Airborne Observatory,ASU GDCS,GAO20211025t183119p0000-A_l3a-ch4-mf-v1_plume.tif,GAO20211025t183119p0000-A_l3a-ch4-mf-v1_plume.png,GAO20211025t183119p0000-A_l3a-ch4-mf-v1_rgb.tif,GAO20211025t183119p0000-A_l3a-ch4-mf-v1_rgb.png
GAO20211025t183418p0000-A,28.989562,-89.266267,2021-10-25T18:34:18Z,Oil & Gas (1B2),CH4,mf,"[-89.26963777178145, 28.98536683843163, -89.26132863275589, 28.99260348577921]",GAO,2023-05-14T20:34:00Z,NA,NA,NA,NA,232.4792289,142.6152551,NA,NA,NA,NA,hrrr,Global Airborne Observatory,ASU GDCS,GAO20211025t183418p0000-A_l3a-ch4-mf-v1_plume.tif,GAO20211025t183418p0000-A_l3a-ch4-mf-v1_plume.png,GAO20211025t183418p0000-A_l3a-ch4-mf-v1_rgb.tif,GAO20211025t183418p0000-A_l3a-ch4-mf-v1_rgb.png
GAO20211025t184544p0000-A,29.12715525,-89.32258407,2021-10-25T18:45:44Z,Oil & Gas (1B2),CH4,mf,"[-89.32668404650057, 29.123515518899023, -89.31843549275776, 29.130752440314176]",GAO,2023-05-14T20:34:00Z,NA,NA,NA,NA,45.40644624,23.32093691,NA,NA,NA,NA,hrrr,Global Airborne Observatory,ASU GDCS,GAO20211025t184544p0000-A_l3a-ch4-mf-v1_plume.tif,GAO20211025t184544p0000-A_l3a-ch4-mf-v1_plume.png,GAO20211025t184544p0000-A_l3a-ch4-mf-v1_rgb.tif,GAO20211025t184544p0000-A_l3a-ch4-mf-v1_rgb.png
GAO20211025t184843p0000-A,29.133057,-89.387712,2021-10-25T18:48:43Z,Oil & Gas (1B2),CH4,mf,"[-89.39180573691927, 29.12967309912111, -89.38355625821706, 29.136910398577676]",GAO,2023-05-14T20:34:00Z,NA,NA,NA,NA,372.89336,255.5295304,NA,NA,NA,NA,hrrr,Global Airborne Observatory,ASU GDCS,GAO20211025t184843p0000-A_l3a-ch4-mf-v1_plume.tif,GAO20211025t184843p0000-A_l3a-ch4-mf-v1_plume.png,GAO20211025t184843p0000-A_l3a-ch4-mf-v1_rgb.tif,GAO20211025t184843p0000-A_l3a-ch4-mf-v1_rgb.png
GAO20211025t185142p0000-A,29.133057,-89.387712,2021-10-25T18:51:42Z,Oil & Gas (1B2),CH4,mf,"[-89.39034343403915, 29.12935011187547, -89.38184192262818, 29.1367761092487]",GAO,2023-05-14T20:34:00Z,NA,NA,NA,NA,1625.694729,1046.705229,NA,NA,NA,NA,hrrr,Global Airborne Observatory,ASU GDCS,GAO20211025t185142p0000-A_l3a-ch4-mf-v1_plume.tif,GAO20211025t185142p0000-A_l3a-ch4-mf-v1_plume.png,GAO20211025t185142p0000-A_l3a-ch4-mf-v1_rgb.tif,GAO20211025t185142p0000-A_l3a-ch4-mf-v1_rgb.png
GAO20211025t190046p0000-A,29.452777,-89.403191,2021-10-25T19:00:46Z,Oil & Gas (1B2),CH4,mf,"[-89.40621101839922, 29.43512447348519, -89.3835552375008, 29.454853763529176]",GAO,2023-05-14T20:34:00Z,NA,NA,NA,NA,264.4008801,95.22584055,NA,NA,NA,NA,hrrr,Global Airborne Observatory,ASU GDCS,GAO20211025t190046p0000-A_l3a-ch4-mf-v1_plume.tif,GAO20211025t190046p0000-A_l3a-ch4-mf-v1_plume.png,GAO20211025t190046p0000-A_l3a-ch4-mf-v1_rgb.tif,GAO20211025t190046p0000-A_l3a-ch4-mf-v1_rgb.png
GAO20211025t191648p0000-A,29.570616,-89.510839,2021-10-25T19:16:48Z,Oil & Gas (1B2),CH4,mf,"[-89.51419526994948, 29.562308163738972, -89.49451280963792, 29.57945836968208]",GAO,2023-05-14T20:34:00Z,NA,NA,NA,NA,955.9198872,548.659021,NA,NA,NA,NA,hrrr,Global Airborne Observatory,ASU GDCS,GAO20211025t191648p0000-A_l3a-ch4-mf-v1_plume.tif,GAO20211025t191648p0000-A_l3a-ch4-mf-v1_plume.png,GAO20211025t191648p0000-A_l3a-ch4-mf-v1_rgb.tif,GAO20211025t191648p0000-A_l3a-ch4-mf-v1_rgb.png
GAO20211025t191946p0000-A,29.586068,-89.543355,2021-10-25T19:19:46Z,Oil & Gas (1B2),CH4,mf,"[-89.54706167286211, 29.582634591787084, -89.53881098018807, 29.589809507020988]",GAO,2023-05-14T20:34:00Z,NA,NA,NA,NA,35.46714223,17.89586418,NA,NA,NA,NA,hrrr,Global Airborne Observatory,ASU GDCS,GAO20211025t191946p0000-A_l3a-ch4-mf-v1_plume.tif,GAO20211025t191946p0000-A_l3a-ch4-mf-v1_plume.png,GAO20211025t191946p0000-A_l3a-ch4-mf-v1_rgb.tif,GAO20211025t191946p0000-A_l3a-ch4-mf-v1_rgb.png
GAO20211025t191946p0000-B,29.590327,-89.541839,2021-10-25T19:19:46Z,Oil & Gas (1B2),CH4,mf,"[-89.54516518322902, 29.58637123948338, -89.53684171564888, 29.593577702341282]",GAO,2023-05-14T20:34:00Z,NA,NA,NA,NA,43.69211841,28.2527692,NA,NA,NA,NA,hrrr,Global Airborne Observatory,ASU GDCS,GAO20211025t191946p0000-B_l3a-ch4-mf-v1_plume.tif,GAO20211025t191946p0000-B_l3a-ch4-mf-v1_plume.png,GAO20211025t191946p0000-B_l3a-ch4-mf-v1_rgb.tif,GAO20211025t191946p0000-B_l3a-ch4-mf-v1_rgb.png
GAO20211026t183606p0000-A,29.570741,-89.512292,2021-10-26T18:36:06Z,Oil & Gas (1B2),CH4,mf,"[-89.53333430677868, 29.557352821844727, -89.50464249789637, 29.582307662882155]",GAO,2023-05-14T20:34:00Z,NA,NA,NA,NA,1495.262243,297.8203001,NA,NA,NA,NA,hrrr,Global Airborne Observatory,ASU GDCS,GAO20211026t183606p0000-A_l3a-ch4-mf-v1_plume.tif,GAO20211026t183606p0000-A_l3a-ch4-mf-v1_plume.png,GAO20211026t183606p0000-A_l3a-ch4-mf-v1_rgb.tif,GAO20211026t183606p0000-A_l3a-ch4-mf-v1_rgb.png
GAO20211029t155146p0000-A,28.9548619,-90.96034,2021-10-29T15:51:46Z,Oil & Gas (1B2),CH4,mf,"[-90.96431967432827, 28.95104667417848, -90.95607623885117, 28.958259706067928]",GAO,2023-05-14T20:34:00Z,NA,NA,NA,NA,2046.004303,801.9207803,NA,NA,NA,NA,hrrr,Global Airborne Observatory,ASU GDCS,GAO20211029t155146p0000-A_l3a-ch4-mf-v1_plume.tif,GAO20211029t155146p0000-A_l3a-ch4-mf-v1_plume.png,GAO20211029t155146p0000-A_l3a-ch4-mf-v1_rgb.tif,GAO20211029t155146p0000-A_l3a-ch4-mf-v1_rgb.png
GAO20211029t161810p0000-A,29.10046741,-90.62769572,2021-10-29T16:18:10Z,Oil & Gas (1B2),CH4,mf,"[-90.6320048012922, 29.09714183816786, -90.62389537321799, 29.104259075140444]",GAO,2023-05-14T20:34:00Z,NA,NA,NA,NA,456.3258198,341.6404407,NA,NA,NA,NA,hrrr,Global Airborne Observatory,ASU GDCS,GAO20211029t161810p0000-A_l3a-ch4-mf-v1_plume.tif,GAO20211029t161810p0000-A_l3a-ch4-mf-v1_plume.png,GAO20211029t161810p0000-A_l3a-ch4-mf-v1_rgb.tif,GAO20211029t161810p0000-A_l3a-ch4-mf-v1_rgb.png
GAO20211029t162145p0000-A,29.11374,-90.483062,2021-10-29T16:21:45Z,Oil & Gas (1B2),CH4,mf,"[-90.48618353311248, 29.107405179929692, -90.4729195543373, 29.11899338974705]",GAO,2023-05-14T20:34:00Z,NA,NA,NA,NA,2687.292192,837.5398173,NA,NA,NA,NA,hrrr,Global Airborne Observatory,ASU GDCS,GAO20211029t162145p0000-A_l3a-ch4-mf-v1_plume.tif,GAO20211029t162145p0000-A_l3a-ch4-mf-v1_plume.png,GAO20211029t162145p0000-A_l3a-ch4-mf-v1_rgb.tif,GAO20211029t162145p0000-A_l3a-ch4-mf-v1_rgb.png
GAO20211029t162648p0000-A,29.206085,-90.508467,2021-10-29T16:26:48Z,Oil & Gas (1B2),CH4,mf,"[-90.51126894335366, 29.202022765167115, -90.50300750950288, 29.209202468383026]",GAO,2023-05-14T20:34:00Z,NA,NA,NA,NA,2741.850817,1441.101881,NA,NA,NA,NA,hrrr,Global Airborne Observatory,ASU GDCS,GAO20211029t162648p0000-A_l3a-ch4-mf-v1_plume.tif,GAO20211029t162648p0000-A_l3a-ch4-mf-v1_plume.png,GAO20211029t162648p0000-A_l3a-ch4-mf-v1_rgb.tif,GAO20211029t162648p0000-A_l3a-ch4-mf-v1_rgb.png
GAO20211029t162950p0000-A,29.222418,-90.480004,2021-10-29T16:29:50Z,Oil & Gas (1B2),CH4,mf,"[-90.48251125285584, 29.213584918985298, -90.46656368945371, 29.227471621561083]",GAO,2023-05-14T20:34:00Z,NA,NA,NA,NA,1119.628912,311.3665401,NA,NA,NA,NA,hrrr,Global Airborne Observatory,ASU GDCS,GAO20211029t162950p0000-A_l3a-ch4-mf-v1_plume.tif,GAO20211029t162950p0000-A_l3a-ch4-mf-v1_plume.png,GAO20211029t162950p0000-A_l3a-ch4-mf-v1_rgb.tif,GAO20211029t162950p0000-A_l3a-ch4-mf-v1_rgb.png
GAO20211029t163321p0000-A,29.206186,-90.508692,2021-10-29T16:33:21Z,Oil & Gas (1B2),CH4,mf,"[-90.51234119484569, 29.202295409858586, -90.50407983859502, 29.20950651497798]",GAO,2023-05-14T20:34:00Z,NA,NA,NA,NA,2694.36853,1345.435202,NA,NA,NA,NA,hrrr,Global Airborne Observatory,ASU GDCS,GAO20211029t163321p0000-A_l3a-ch4-mf-v1_plume.tif,GAO20211029t163321p0000-A_l3a-ch4-mf-v1_plume.png,GAO20211029t163321p0000-A_l3a-ch4-mf-v1_rgb.tif,GAO20211029t163321p0000-A_l3a-ch4-mf-v1_rgb.png
GAO20211029t165135p0000-A,29.047334,-90.162671,2021-10-29T16:51:35Z,Oil & Gas (1B2),CH4,mf,"[-90.16635805273914, 29.043529882837998, -90.15818291152681, 29.05070824464754]",GAO,2023-05-14T20:34:00Z,NA,NA,NA,NA,3623.724036,2640.250798,NA,NA,NA,NA,hrrr,Global Airborne Observatory,ASU GDCS,GAO20211029t165135p0000-A_l3a-ch4-mf-v1_plume.tif,GAO20211029t165135p0000-A_l3a-ch4-mf-v1_plume.png,GAO20211029t165135p0000-A_l3a-ch4-mf-v1_rgb.tif,GAO20211029t165135p0000-A_l3a-ch4-mf-v1_rgb.png
GAO20211029t165646p0000-A,28.9853322,-90.161532,2021-10-29T16:56:46Z,Oil & Gas (1B2),CH4,mf,"[-90.16635392994898, 28.981873169362366, -90.15818362687757, 28.98905156643613]",GAO,2023-05-14T20:34:00Z,NA,NA,NA,NA,1270.740872,422.3872713,NA,NA,NA,NA,hrrr,Global Airborne Observatory,ASU GDCS,GAO20211029t165646p0000-A_l3a-ch4-mf-v1_plume.tif,GAO20211029t165646p0000-A_l3a-ch4-mf-v1_plume.png,GAO20211029t165646p0000-A_l3a-ch4-mf-v1_rgb.tif,GAO20211029t165646p0000-A_l3a-ch4-mf-v1_rgb.png
GAO20211029t180154p0000-A,29.1329107,-89.387937,2021-10-29T18:01:54Z,Oil & Gas (1B2),CH4,mf,"[-89.39126648784308, 29.12864873493589, -89.3830170943278, 29.135886031771463]",GAO,2023-05-14T20:34:00Z,NA,NA,NA,NA,686.3236566,217.1822267,NA,NA,NA,NA,hrrr,Global Airborne Observatory,ASU GDCS,GAO20211029t180154p0000-A_l3a-ch4-mf-v1_plume.tif,GAO20211029t180154p0000-A_l3a-ch4-mf-v1_plume.png,GAO20211029t180154p0000-A_l3a-ch4-mf-v1_rgb.tif,GAO20211029t180154p0000-A_l3a-ch4-mf-v1_rgb.png
GAO20211030t165636p0000-A,29.4542232,-91.91919,2021-10-30T16:56:36Z,Oil & Gas (1B2),CH4,mf,"[-91.92204711890913, 29.449933135867433, -91.91307382156862, 29.45771514874071]",GAO,2023-05-14T20:34:00Z,NA,NA,NA,NA,1218.503333,465.5446598,NA,NA,NA,NA,hrrr,Global Airborne Observatory,ASU GDCS,GAO20211030t165636p0000-A_l3a-ch4-mf-v1_plume.tif,GAO20211030t165636p0000-A_l3a-ch4-mf-v1_plume.png,GAO20211030t165636p0000-A_l3a-ch4-mf-v1_rgb.tif,GAO20211030t165636p0000-A_l3a-ch4-mf-v1_rgb.png
GAO20211030t170513p0000-A,29.441379,-92.06201,2021-10-30T17:05:13Z,Oil & Gas (1B2),CH4,mf,"[-92.06460180379189, 29.437807664046556, -92.05653392961197, 29.444865154915355]",GAO,2023-05-14T20:34:00Z,NA,NA,NA,NA,2885.208789,1072.559816,NA,NA,NA,NA,hrrr,Global Airborne Observatory,ASU GDCS,GAO20211030t170513p0000-A_l3a-ch4-mf-v1_plume.tif,GAO20211030t170513p0000-A_l3a-ch4-mf-v1_plume.png,GAO20211030t170513p0000-A_l3a-ch4-mf-v1_rgb.tif,GAO20211030t170513p0000-A_l3a-ch4-mf-v1_rgb.png
GAO20211030t171255p0000-A,29.3323084,-91.870518,2021-10-30T17:12:55Z,Oil & Gas (1B2),CH4,mf,"[-91.87364362510803, 29.32622699472375, -91.86117562356263, 29.337065077928735]",GAO,2023-05-14T20:34:00Z,NA,NA,NA,NA,2894.476394,804.9683013,NA,NA,NA,NA,hrrr,Global Airborne Observatory,ASU GDCS,GAO20211030t171255p0000-A_l3a-ch4-mf-v1_plume.tif,GAO20211030t171255p0000-A_l3a-ch4-mf-v1_plume.png,GAO20211030t171255p0000-A_l3a-ch4-mf-v1_rgb.tif,GAO20211030t171255p0000-A_l3a-ch4-mf-v1_rgb.png
GAO20211030t171616p0000-A,29.333335,-91.871542,2021-10-30T17:16:16Z,Oil & Gas (1B2),CH4,mf,"[-91.87325331153497, 29.325655160507942, -91.8610024299225, 29.336304029139477]",GAO,2023-05-14T20:34:00Z,NA,NA,NA,NA,1310.074604,326.4517577,NA,NA,NA,NA,hrrr,Global Airborne Observatory,ASU GDCS,GAO20211030t171616p0000-A_l3a-ch4-mf-v1_plume.tif,GAO20211030t171616p0000-A_l3a-ch4-mf-v1_plume.png,GAO20211030t171616p0000-A_l3a-ch4-mf-v1_rgb.tif,GAO20211030t171616p0000-A_l3a-ch4-mf-v1_rgb.png
GAO20211030t172120p0000-A,29.37913,-91.752918,2021-10-30T17:21:20Z,Oil & Gas (1B2),CH4,mf,"[-91.75504366255791, 29.374976564278526, -91.74690904347031, 29.382065053293974]",GAO,2023-05-14T20:34:00Z,NA,NA,NA,NA,720.9220169,257.9394402,NA,NA,NA,NA,hrrr,Global Airborne Observatory,ASU GDCS,GAO20211030t172120p0000-A_l3a-ch4-mf-v1_plume.tif,GAO20211030t172120p0000-A_l3a-ch4-mf-v1_plume.png,GAO20211030t172120p0000-A_l3a-ch4-mf-v1_rgb.tif,GAO20211030t172120p0000-A_l3a-ch4-mf-v1_rgb.png
GAO20211030t173049p0000-A,29.19003565,-91.61726615,2021-10-30T17:30:49Z,Oil & Gas (1B2),CH4,mf,"[-91.62008199250712, 29.186381668019706, -91.61196251850811, 29.193470032493078]",GAO,2023-05-14T20:34:00Z,NA,NA,NA,NA,591.4521179,355.1939716,NA,NA,NA,NA,hrrr,Global Airborne Observatory,ASU GDCS,GAO20211030t173049p0000-A_l3a-ch4-mf-v1_plume.tif,GAO20211030t173049p0000-A_l3a-ch4-mf-v1_plume.png,GAO20211030t173049p0000-A_l3a-ch4-mf-v1_rgb.tif,GAO20211030t173049p0000-A_l3a-ch4-mf-v1_rgb.png
GAO20211030t175048p0000-A,28.954671,-90.96037,2021-10-30T17:50:48Z,Oil & Gas (1B2),CH4,mf,"[-90.964074371752, 28.950759846154824, -90.95593916425308, 28.957878201192383]",GAO,2023-05-14T20:34:00Z,NA,NA,NA,NA,605.2681752,280.6840122,NA,NA,NA,NA,hrrr,Global Airborne Observatory,ASU GDCS,GAO20211030t175048p0000-A_l3a-ch4-mf-v1_plume.tif,GAO20211030t175048p0000-A_l3a-ch4-mf-v1_plume.png,GAO20211030t175048p0000-A_l3a-ch4-mf-v1_rgb.tif,GAO20211030t175048p0000-A_l3a-ch4-mf-v1_rgb.png
GAO20211030t175723p0000-A,28.954983,-90.960252,2021-10-30T17:57:23Z,Oil & Gas (1B2),CH4,mf,"[-90.96410049113071, 28.9512334713911, -90.95589314451178, 28.95844641001354]",GAO,2023-05-14T20:34:00Z,NA,NA,NA,NA,1111.408526,291.0857952,NA,NA,NA,NA,hrrr,Global Airborne Observatory,ASU GDCS,GAO20211030t175723p0000-A_l3a-ch4-mf-v1_plume.tif,GAO20211030t175723p0000-A_l3a-ch4-mf-v1_plume.png,GAO20211030t175723p0000-A_l3a-ch4-mf-v1_rgb.tif,GAO20211030t175723p0000-A_l3a-ch4-mf-v1_rgb.png
GAO20211030t180729p0000-A,29.026641,-90.842923,2021-10-30T18:07:29Z,Oil & Gas (1B2),CH4,mf,"[-90.8455326330797, 29.022775614772346, -90.8373560124372, 29.02992522446332]",GAO,2023-05-14T20:34:00Z,NA,NA,NA,NA,251.2628582,71.11556531,NA,NA,NA,NA,hrrr,Global Airborne Observatory,ASU GDCS,GAO20211030t180729p0000-A_l3a-ch4-mf-v1_plume.tif,GAO20211030t180729p0000-A_l3a-ch4-mf-v1_plume.png,GAO20211030t180729p0000-A_l3a-ch4-mf-v1_rgb.tif,GAO20211030t180729p0000-A_l3a-ch4-mf-v1_rgb.png
GAO20211031t161406p0000-A,29.247377,-89.050081,2021-10-31T16:14:06Z,Oil & Gas (1B2),CH4,mf,"[-89.05346856524847, 29.241687972352846, -89.0449599962547, 29.24911199857908]",GAO,2023-05-14T20:34:00Z,NA,NA,NA,NA,260.8662229,83.79953238,NA,NA,NA,NA,hrrr,Global Airborne Observatory,ASU GDCS,GAO20211031t161406p0000-A_l3a-ch4-mf-v1_plume.tif,GAO20211031t161406p0000-A_l3a-ch4-mf-v1_plume.png,GAO20211031t161406p0000-A_l3a-ch4-mf-v1_rgb.tif,GAO20211031t161406p0000-A_l3a-ch4-mf-v1_rgb.png
GAO20211031t161406p0000-B,29.253332,-89.045138,2021-10-31T16:14:06Z,Oil & Gas (1B2),CH4,mf,"[-89.04947045163304, 29.249267750775584, -89.04117772859874, 29.256534370556906]",GAO,2023-05-14T20:34:00Z,NA,NA,NA,NA,126.6781993,46.65028817,NA,NA,NA,NA,hrrr,Global Airborne Observatory,ASU GDCS,GAO20211031t161406p0000-B_l3a-ch4-mf-v1_plume.tif,GAO20211031t161406p0000-B_l3a-ch4-mf-v1_plume.png,GAO20211031t161406p0000-B_l3a-ch4-mf-v1_rgb.tif,GAO20211031t161406p0000-B_l3a-ch4-mf-v1_rgb.png
GAO20211031t161732p0000-A,29.241341,-89.076186,2021-10-31T16:17:32Z,Oil & Gas (1B2),CH4,mf,"[-89.08501881833101, 29.2287993856642, -89.06753431212088, 29.244056570722073]",GAO,2023-05-14T20:34:00Z,NA,NA,NA,NA,320.7106063,123.1902307,NA,NA,NA,NA,hrrr,Global Airborne Observatory,ASU GDCS,GAO20211031t161732p0000-A_l3a-ch4-mf-v1_plume.tif,GAO20211031t161732p0000-A_l3a-ch4-mf-v1_plume.png,GAO20211031t161732p0000-A_l3a-ch4-mf-v1_rgb.tif,GAO20211031t161732p0000-A_l3a-ch4-mf-v1_rgb.png
GAO20211031t161732p0000-B,29.251247,-89.087781,2021-10-31T16:17:32Z,Oil & Gas (1B2),CH4,mf,"[-89.09126245614453, 29.24586011068651, -89.08293365071317, 29.25309553886765]",GAO,2023-05-14T20:34:00Z,NA,NA,NA,NA,3072.275467,1311.75239,NA,NA,NA,NA,hrrr,Global Airborne Observatory,ASU GDCS,GAO20211031t161732p0000-B_l3a-ch4-mf-v1_plume.tif,GAO20211031t161732p0000-B_l3a-ch4-mf-v1_plume.png,GAO20211031t161732p0000-B_l3a-ch4-mf-v1_rgb.tif,GAO20211031t161732p0000-B_l3a-ch4-mf-v1_rgb.png
GAO20211031t162030p0000-A,29.253456,-89.045133,2021-10-31T16:20:30Z,Oil & Gas (1B2),CH4,mf,"[-89.04972684932027, 29.249149138411322, -89.04143413397132, 29.25641575988372]",GAO,2023-05-14T20:34:00Z,NA,NA,NA,NA,254.1950569,100.1724872,NA,NA,NA,NA,hrrr,Global Airborne Observatory,ASU GDCS,GAO20211031t162030p0000-A_l3a-ch4-mf-v1_plume.tif,GAO20211031t162030p0000-A_l3a-ch4-mf-v1_plume.png,GAO20211031t162030p0000-A_l3a-ch4-mf-v1_rgb.tif,GAO20211031t162030p0000-A_l3a-ch4-mf-v1_rgb.png
GAO20211031t162417p0000-A,29.241096,-89.076621,2021-10-31T16:24:17Z,Oil & Gas (1B2),CH4,mf,"[-89.08086525037278, 29.23643706146353, -89.07253728228082, 29.24367242846045]",GAO,2023-05-14T20:34:00Z,NA,NA,NA,NA,533.516906,145.8442886,NA,NA,NA,NA,hrrr,Global Airborne Observatory,ASU GDCS,GAO20211031t162417p0000-A_l3a-ch4-mf-v1_plume.tif,GAO20211031t162417p0000-A_l3a-ch4-mf-v1_plume.png,GAO20211031t162417p0000-A_l3a-ch4-mf-v1_rgb.tif,GAO20211031t162417p0000-A_l3a-ch4-mf-v1_rgb.png
GAO20211031t162417p0000-B,29.251247,-89.087781,2021-10-31T16:24:17Z,Oil & Gas (1B2),CH4,mf,"[-89.10119711785485, 29.2333762606874, -89.07736574807441, 29.254201756101708]",GAO,2023-05-14T20:34:00Z,NA,NA,NA,NA,852.7147477,191.4454436,NA,NA,NA,NA,hrrr,Global Airborne Observatory,ASU GDCS,GAO20211031t162417p0000-B_l3a-ch4-mf-v1_plume.tif,GAO20211031t162417p0000-B_l3a-ch4-mf-v1_plume.png,GAO20211031t162417p0000-B_l3a-ch4-mf-v1_rgb.tif,GAO20211031t162417p0000-B_l3a-ch4-mf-v1_rgb.png
GAO20211031t162417p0000-C,29.264317,-89.082655,2021-10-31T16:24:17Z,Oil & Gas (1B2),CH4,mf,"[-89.08778499008893, 29.25872572233291, -89.07949122728596, 29.265992581192098]",GAO,2023-05-14T20:34:00Z,NA,NA,NA,NA,567.4757361,340.0403079,NA,NA,NA,NA,hrrr,Global Airborne Observatory,ASU GDCS,GAO20211031t162417p0000-C_l3a-ch4-mf-v1_plume.tif,GAO20211031t162417p0000-C_l3a-ch4-mf-v1_plume.png,GAO20211031t162417p0000-C_l3a-ch4-mf-v1_rgb.tif,GAO20211031t162417p0000-C_l3a-ch4-mf-v1_rgb.png
GAO20211031t162417p0000-D,29.253331,-89.086066,2021-10-31T16:24:17Z,Oil & Gas (1B2),CH4,mf,"[-89.09021052575488, 29.248921217354013, -89.08191743109039, 29.256156729753137]",GAO,2023-05-14T20:34:00Z,NA,NA,NA,NA,83.85002985,33.22924384,NA,NA,NA,NA,hrrr,Global Airborne Observatory,ASU GDCS,GAO20211031t162417p0000-D_l3a-ch4-mf-v1_plume.tif,GAO20211031t162417p0000-D_l3a-ch4-mf-v1_plume.png,GAO20211031t162417p0000-D_l3a-ch4-mf-v1_rgb.tif,GAO20211031t162417p0000-D_l3a-ch4-mf-v1_rgb.png
GAO20211031t162814p0000-A,29.28488671,-89.09875707,2021-10-31T16:28:14Z,Oil & Gas (1B2),CH4,mf,"[-89.1030257158015, 29.28094186585075, -89.0947299478018, 29.288177443997817]",GAO,2023-05-14T20:34:00Z,NA,NA,NA,NA,46.14446536,11.77408849,NA,NA,NA,NA,hrrr,Global Airborne Observatory,ASU GDCS,GAO20211031t162814p0000-A_l3a-ch4-mf-v1_plume.tif,GAO20211031t162814p0000-A_l3a-ch4-mf-v1_plume.png,GAO20211031t162814p0000-A_l3a-ch4-mf-v1_rgb.tif,GAO20211031t162814p0000-A_l3a-ch4-mf-v1_rgb.png
GAO20211031t163541p0000-A,29.354547,-88.934693,2021-10-31T16:35:41Z,Oil & Gas (1B2),CH4,mf,"[-88.94660872904295, 29.34073390462211, -88.92784413367882, 29.357090086243005]",GAO,2023-05-14T20:34:00Z,NA,NA,NA,NA,480.87744,153.5172465,NA,NA,NA,NA,hrrr,Global Airborne Observatory,ASU GDCS,GAO20211031t163541p0000-A_l3a-ch4-mf-v1_plume.tif,GAO20211031t163541p0000-A_l3a-ch4-mf-v1_plume.png,GAO20211031t163541p0000-A_l3a-ch4-mf-v1_rgb.tif,GAO20211031t163541p0000-A_l3a-ch4-mf-v1_rgb.png
GAO20211031t170733p0000-A,29.563979,-89.338222,2021-10-31T17:07:33Z,Oil & Gas (1B2),CH4,mf,"[-89.3420645762963, 29.56069747521333, -89.33378070196771, 29.56793427323875]",GAO,2023-05-14T20:34:00Z,NA,NA,NA,NA,18044.09006,29317.10722,NA,NA,NA,NA,hrrr,Global Airborne Observatory,ASU GDCS,GAO20211031t170733p0000-A_l3a-ch4-mf-v1_plume.tif,GAO20211031t170733p0000-A_l3a-ch4-mf-v1_plume.png,GAO20211031t170733p0000-A_l3a-ch4-mf-v1_rgb.tif,GAO20211031t170733p0000-A_l3a-ch4-mf-v1_rgb.png
GAO20211101t171105p0000-A,29.756172,-92.556321,2021-11-01T17:11:05Z,Oil & Gas (1B2),CH4,mf,"[-92.56133742540675, 29.753088932862035, -92.55320768345815, 29.76014669917706]",GAO,2023-05-14T20:34:00Z,NA,NA,NA,NA,699.7432235,751.8272226,NA,NA,NA,NA,hrrr,Global Airborne Observatory,ASU GDCS,GAO20211101t171105p0000-A_l3a-ch4-mf-v1_plume.tif,GAO20211101t171105p0000-A_l3a-ch4-mf-v1_plume.png,GAO20211101t171105p0000-A_l3a-ch4-mf-v1_rgb.tif,GAO20211101t171105p0000-A_l3a-ch4-mf-v1_rgb.png
GAO20211101t174026p0000-A,29.454477,-91.920025999999993,2021-11-01T17:40:26Z,Oil & Gas (1B2),CH4,mf,"[-91.9256067385427, 29.451224403726208, -91.91742947331345, 29.45831320388382]",GAO,2023-05-14T20:34:00Z,NA,NA,NA,NA,329.7001883,193.4530443,NA,NA,NA,NA,hrrr,Global Airborne Observatory,ASU GDCS,GAO20211101t174026p0000-A_l3a-ch4-mf-v1_plume.tif,GAO20211101t174026p0000-A_l3a-ch4-mf-v1_plume.png,GAO20211101t174026p0000-A_l3a-ch4-mf-v1_rgb.tif,GAO20211101t174026p0000-A_l3a-ch4-mf-v1_rgb.png
GAO20211101t174719p0000-A,29.441888,-92.062148,2021-11-01T17:47:19Z,Oil & Gas (1B2),CH4,mf,"[-92.07096609013895, 29.436246995464373, -92.05946123038736, 29.446234613675895]",GAO,2023-05-14T20:34:00Z,NA,NA,NA,NA,1841.691117,578.644434,NA,NA,NA,NA,hrrr,Global Airborne Observatory,ASU GDCS,GAO20211101t174719p0000-A_l3a-ch4-mf-v1_plume.tif,GAO20211101t174719p0000-A_l3a-ch4-mf-v1_plume.png,GAO20211101t174719p0000-A_l3a-ch4-mf-v1_rgb.tif,GAO20211101t174719p0000-A_l3a-ch4-mf-v1_rgb.png
GAO20211101t175526p0000-A,29.332617,-91.871717,2021-11-01T17:55:26Z,Oil & Gas (1B2),CH4,mf,"[-91.88410152387448, 29.325626161327737, -91.8680918406758, 29.33958325329132]",GAO,2023-05-14T20:34:00Z,NA,NA,NA,NA,2363.216813,538.1653082,NA,NA,NA,NA,hrrr,Global Airborne Observatory,ASU GDCS,GAO20211101t175526p0000-A_l3a-ch4-mf-v1_plume.tif,GAO20211101t175526p0000-A_l3a-ch4-mf-v1_plume.png,GAO20211101t175526p0000-A_l3a-ch4-mf-v1_rgb.tif,GAO20211101t175526p0000-A_l3a-ch4-mf-v1_rgb.png
GAO20211101t181621p0000-A,29.061753,-91.447123,2021-11-01T18:16:21Z,Oil & Gas (1B2),CH4,mf,"[-91.45237078011435, 29.057989420581638, -91.4441895587412, 29.065172113960564]",GAO,2023-05-14T20:34:00Z,NA,NA,NA,NA,608.5285784,267.3370194,NA,NA,NA,NA,hrrr,Global Airborne Observatory,ASU GDCS,GAO20211101t181621p0000-A_l3a-ch4-mf-v1_plume.tif,GAO20211101t181621p0000-A_l3a-ch4-mf-v1_plume.png,GAO20211101t181621p0000-A_l3a-ch4-mf-v1_rgb.tif,GAO20211101t181621p0000-A_l3a-ch4-mf-v1_rgb.png
GAO20211101t183703p0000-A,29.02661698,-90.84341326,2021-11-01T18:37:03Z,Oil & Gas (1B2),CH4,mf,"[-90.85688861994397, 29.01703054784917, -90.84031963807897, 29.03155019504973]",GAO,2023-05-14T20:34:00Z,NA,NA,NA,NA,336.6992224,124.8629206,NA,NA,NA,NA,hrrr,Global Airborne Observatory,ASU GDCS,GAO20211101t183703p0000-A_l3a-ch4-mf-v1_plume.tif,GAO20211101t183703p0000-A_l3a-ch4-mf-v1_plume.png,GAO20211101t183703p0000-A_l3a-ch4-mf-v1_rgb.tif,GAO20211101t183703p0000-A_l3a-ch4-mf-v1_rgb.png
GAO20211101t184524p0000-A,28.868145,-90.491446,2021-11-01T18:45:24Z,Oil & Gas (1B2),CH4,mf,"[-90.50214277189883, 28.85965084639494, -90.48948560959853, 28.870735456961363]",GAO,2023-05-14T20:34:00Z,NA,NA,NA,NA,708.9444858,187.6743489,NA,NA,NA,NA,hrrr,Global Airborne Observatory,ASU GDCS,GAO20211101t184524p0000-A_l3a-ch4-mf-v1_plume.tif,GAO20211101t184524p0000-A_l3a-ch4-mf-v1_plume.png,GAO20211101t184524p0000-A_l3a-ch4-mf-v1_rgb.tif,GAO20211101t184524p0000-A_l3a-ch4-mf-v1_rgb.png
GAO20211101t185428p0000-A,28.9287,-90.352884,2021-11-01T18:54:28Z,Oil & Gas (1B2),CH4,mf,"[-90.36025078137777, 28.923687557172133, -90.35057289989074, 28.932157918713575]",GAO,2023-05-14T20:34:00Z,NA,NA,NA,NA,704.2249422,410.4245502,NA,NA,NA,NA,hrrr,Global Airborne Observatory,ASU GDCS,GAO20211101t185428p0000-A_l3a-ch4-mf-v1_plume.tif,GAO20211101t185428p0000-A_l3a-ch4-mf-v1_plume.png,GAO20211101t185428p0000-A_l3a-ch4-mf-v1_rgb.tif,GAO20211101t185428p0000-A_l3a-ch4-mf-v1_rgb.png
GAO20211101t191221p0000-A,28.972737,-89.797506,2021-11-01T19:12:21Z,Oil & Gas (1B2),CH4,mf,"[-89.80202998468944, 28.968801388383916, -89.79375474068941, 28.976072485631892]",GAO,2023-05-14T20:34:00Z,NA,NA,NA,NA,201.0671412,64.113004,NA,NA,NA,NA,hrrr,Global Airborne Observatory,ASU GDCS,GAO20211101t191221p0000-A_l3a-ch4-mf-v1_plume.tif,GAO20211101t191221p0000-A_l3a-ch4-mf-v1_plume.png,GAO20211101t191221p0000-A_l3a-ch4-mf-v1_rgb.tif,GAO20211101t191221p0000-A_l3a-ch4-mf-v1_rgb.png
GAO20211102t154725p0000-A,28.989076,-89.266868,2021-11-02T15:47:25Z,Oil & Gas (1B2),CH4,mf,"[-89.27569911180683, 28.978059391577627, -89.26095199219286, 28.990990907043663]",GAO,2023-05-14T20:34:00Z,NA,NA,NA,NA,584.2463669,417.0331327,NA,NA,NA,NA,hrrr,Global Airborne Observatory,ASU GDCS,GAO20211102t154725p0000-A_l3a-ch4-mf-v1_plume.tif,GAO20211102t154725p0000-A_l3a-ch4-mf-v1_plume.png,GAO20211102t154725p0000-A_l3a-ch4-mf-v1_rgb.tif,GAO20211102t154725p0000-A_l3a-ch4-mf-v1_rgb.png
GAO20211102t155041p0000-A,28.989076,-89.266868,2021-11-02T15:50:41Z,Oil & Gas (1B2),CH4,mf,"[-89.27088508035446, 28.98458117224537, -89.26257610049355, 28.99184919816783]",GAO,2023-05-14T20:34:00Z,NA,NA,NA,NA,1799.635247,273.243782,NA,NA,NA,NA,hrrr,Global Airborne Observatory,ASU GDCS,GAO20211102t155041p0000-A_l3a-ch4-mf-v1_plume.tif,GAO20211102t155041p0000-A_l3a-ch4-mf-v1_plume.png,GAO20211102t155041p0000-A_l3a-ch4-mf-v1_rgb.tif,GAO20211102t155041p0000-A_l3a-ch4-mf-v1_rgb.png
GAO20211102t155341p0000-A,28.989172,-89.266676,2021-11-02T15:53:41Z,Oil & Gas (1B2),CH4,mf,"[-89.2716493169806, 28.98431828113679, -89.26334024772947, 28.991554941091096]",GAO,2023-05-14T20:34:00Z,NA,NA,NA,NA,1196.340124,388.570262,NA,NA,NA,NA,hrrr,Global Airborne Observatory,ASU GDCS,GAO20211102t155341p0000-A_l3a-ch4-mf-v1_plume.tif,GAO20211102t155341p0000-A_l3a-ch4-mf-v1_plume.png,GAO20211102t155341p0000-A_l3a-ch4-mf-v1_rgb.tif,GAO20211102t155341p0000-A_l3a-ch4-mf-v1_rgb.png
GAO20211102t155612p0000-A,28.989172,-89.266676,2021-11-02T15:56:12Z,Oil & Gas (1B2),CH4,mf,"[-89.2733524445336, 28.98168536708163, -89.26209397603748, 28.99156498309448]",GAO,2023-05-14T20:34:00Z,NA,NA,NA,NA,1754.062615,499.2907743,NA,NA,NA,NA,hrrr,Global Airborne Observatory,ASU GDCS,GAO20211102t155612p0000-A_l3a-ch4-mf-v1_plume.tif,GAO20211102t155612p0000-A_l3a-ch4-mf-v1_plume.png,GAO20211102t155612p0000-A_l3a-ch4-mf-v1_rgb.tif,GAO20211102t155612p0000-A_l3a-ch4-mf-v1_rgb.png
GAO20211102t155901p0000-A,28.989172,-89.266676,2021-11-02T15:59:01Z,Oil & Gas (1B2),CH4,mf,"[-89.28165291942733, 28.973650169607033, -89.25881275590442, 28.993629787540886]",GAO,2023-05-14T20:34:00Z,NA,NA,NA,NA,1924.537725,480.7845231,NA,NA,NA,NA,hrrr,Global Airborne Observatory,ASU GDCS,GAO20211102t155901p0000-A_l3a-ch4-mf-v1_plume.tif,GAO20211102t155901p0000-A_l3a-ch4-mf-v1_plume.png,GAO20211102t155901p0000-A_l3a-ch4-mf-v1_rgb.tif,GAO20211102t155901p0000-A_l3a-ch4-mf-v1_rgb.png
GAO20211102t161100p0000-A,29.247295,-89.05033,2021-11-02T16:11:00Z,Oil & Gas (1B2),CH4,mf,"[-89.05455182873493, 29.243454916948338, -89.04625943258095, 29.250690206486958]",GAO,2023-05-14T20:34:00Z,NA,NA,NA,NA,912.1579644,422.6406605,NA,NA,NA,NA,hrrr,Global Airborne Observatory,ASU GDCS,GAO20211102t161100p0000-A_l3a-ch4-mf-v1_plume.tif,GAO20211102t161100p0000-A_l3a-ch4-mf-v1_plume.png,GAO20211102t161100p0000-A_l3a-ch4-mf-v1_rgb.tif,GAO20211102t161100p0000-A_l3a-ch4-mf-v1_rgb.png
GAO20211102t161100p0000-B,29.249925,-89.060687,2021-11-02T16:11:00Z,Oil & Gas (1B2),CH4,mf,"[-89.06462808994932, 29.24615039900741, -89.05629955925954, 29.253417024133157]",GAO,2023-05-14T20:34:00Z,NA,NA,NA,NA,1396.926673,790.4913708,NA,NA,NA,NA,hrrr,Global Airborne Observatory,ASU GDCS,GAO20211102t161100p0000-B_l3a-ch4-mf-v1_plume.tif,GAO20211102t161100p0000-B_l3a-ch4-mf-v1_plume.png,GAO20211102t161100p0000-B_l3a-ch4-mf-v1_rgb.tif,GAO20211102t161100p0000-B_l3a-ch4-mf-v1_rgb.png
GAO20211102t161420p0000-A,29.249925,-89.060687,2021-11-02T16:14:20Z,Oil & Gas (1B2),CH4,mf,"[-89.0650200466289, 29.24531008958895, -89.05669158105215, 29.252576717586766]",GAO,2023-05-14T20:34:00Z,NA,NA,NA,NA,3345.842745,2163.658843,NA,NA,NA,NA,hrrr,Global Airborne Observatory,ASU GDCS,GAO20211102t161420p0000-A_l3a-ch4-mf-v1_plume.tif,GAO20211102t161420p0000-A_l3a-ch4-mf-v1_plume.png,GAO20211102t161420p0000-A_l3a-ch4-mf-v1_rgb.tif,GAO20211102t161420p0000-A_l3a-ch4-mf-v1_rgb.png
GAO20211102t161420p0000-C,29.251845,-89.054422,2021-11-02T16:14:20Z,Oil & Gas (1B2),CH4,mf,"[-89.05939664248741, 29.24751036173661, -89.05106793520096, 29.254745587956176]",GAO,2023-05-14T20:34:00Z,NA,NA,NA,NA,1178.952524,906.3049237,NA,NA,NA,NA,hrrr,Global Airborne Observatory,ASU GDCS,GAO20211102t161420p0000-C_l3a-ch4-mf-v1_plume.tif,GAO20211102t161420p0000-C_l3a-ch4-mf-v1_plume.png,GAO20211102t161420p0000-C_l3a-ch4-mf-v1_rgb.tif,GAO20211102t161420p0000-C_l3a-ch4-mf-v1_rgb.png
GAO20211102t161420p0000-D,29.251343,-89.053509,2021-11-02T16:14:20Z,Oil & Gas (1B2),CH4,mf,"[-89.05805615365627, 29.24775473467159, -89.0497274363899, 29.25498995227916]",GAO,2023-05-14T20:34:00Z,NA,NA,NA,NA,99.49965705,56.77433038,NA,NA,NA,NA,hrrr,Global Airborne Observatory,ASU GDCS,GAO20211102t161420p0000-D_l3a-ch4-mf-v1_plume.tif,GAO20211102t161420p0000-D_l3a-ch4-mf-v1_plume.png,GAO20211102t161420p0000-D_l3a-ch4-mf-v1_rgb.tif,GAO20211102t161420p0000-D_l3a-ch4-mf-v1_rgb.png
GAO20211102t161420p0000-E,29.253491,-89.044912,2021-11-02T16:14:20Z,Oil & Gas (1B2),CH4,mf,"[-89.04890837834759, 29.249850567419664, -89.04061561246456, 29.257117183348022]",GAO,2023-05-14T20:34:00Z,NA,NA,NA,NA,956.2227272,699.7415981,NA,NA,NA,NA,hrrr,Global Airborne Observatory,ASU GDCS,GAO20211102t161420p0000-E_l3a-ch4-mf-v1_plume.tif,GAO20211102t161420p0000-E_l3a-ch4-mf-v1_plume.png,GAO20211102t161420p0000-E_l3a-ch4-mf-v1_rgb.tif,GAO20211102t161420p0000-E_l3a-ch4-mf-v1_rgb.png
GAO20211102t161705p0000-A,29.249849,-89.06083,2021-11-02T16:17:05Z,Oil & Gas (1B2),CH4,mf,"[-89.06566112201105, 29.24454022213836, -89.05733271402949, 29.251806854561345]",GAO,2023-05-14T20:34:00Z,NA,NA,NA,NA,152.1174113,63.66188867,NA,NA,NA,NA,hrrr,Global Airborne Observatory,ASU GDCS,GAO20211102t161705p0000-A_l3a-ch4-mf-v1_plume.tif,GAO20211102t161705p0000-A_l3a-ch4-mf-v1_plume.png,GAO20211102t161705p0000-A_l3a-ch4-mf-v1_rgb.tif,GAO20211102t161705p0000-A_l3a-ch4-mf-v1_rgb.png
GAO20211102t161705p0000-B,29.240697,-89.076385,2021-11-02T16:17:05Z,Oil & Gas (1B2),CH4,mf,"[-89.0873501647524, 29.22593449197623, -89.06665754722037, 29.24399137096395]",GAO,2023-05-14T20:34:00Z,NA,NA,NA,NA,3672.909823,2110.280759,NA,NA,NA,NA,hrrr,Global Airborne Observatory,ASU GDCS,GAO20211102t161705p0000-B_l3a-ch4-mf-v1_plume.tif,GAO20211102t161705p0000-B_l3a-ch4-mf-v1_plume.png,GAO20211102t161705p0000-B_l3a-ch4-mf-v1_rgb.tif,GAO20211102t161705p0000-B_l3a-ch4-mf-v1_rgb.png
GAO20211102t162013p0000-A,29.23813,-89.075476,2021-11-02T16:20:13Z,Oil & Gas (1B2),CH4,mf,"[-89.08064618985722, 29.235547240832034, -89.07235434533736, 29.242814065115084]",GAO,2023-05-14T20:34:00Z,NA,NA,NA,NA,321.1465075,64.95803899,NA,NA,NA,NA,hrrr,Global Airborne Observatory,ASU GDCS,GAO20211102t162013p0000-A_l3a-ch4-mf-v1_plume.tif,GAO20211102t162013p0000-A_l3a-ch4-mf-v1_plume.png,GAO20211102t162013p0000-A_l3a-ch4-mf-v1_rgb.tif,GAO20211102t162013p0000-A_l3a-ch4-mf-v1_rgb.png
GAO20211102t162013p0000-B,29.24076054,-89.07661948,2021-11-02T16:20:13Z,Oil & Gas (1B2),CH4,mf,"[-89.08118757881037, 29.235531459105932, -89.07289562736881, 29.24276692079719]",GAO,2023-05-14T20:34:00Z,NA,NA,NA,NA,929.0903963,275.2779018,NA,NA,NA,NA,hrrr,Global Airborne Observatory,ASU GDCS,GAO20211102t162013p0000-B_l3a-ch4-mf-v1_plume.tif,GAO20211102t162013p0000-B_l3a-ch4-mf-v1_plume.png,GAO20211102t162013p0000-B_l3a-ch4-mf-v1_rgb.tif,GAO20211102t162013p0000-B_l3a-ch4-mf-v1_rgb.png
GAO20211102t162013p0000-C,29.24827,-89.086625,2021-11-02T16:20:13Z,Oil & Gas (1B2),CH4,mf,"[-89.09113076246706, 29.244594212326717, -89.08280206037152, 29.25182964025715]",GAO,2023-05-14T20:34:00Z,NA,NA,NA,NA,1655.01319,395.1058574,NA,NA,NA,NA,hrrr,Global Airborne Observatory,ASU GDCS,GAO20211102t162013p0000-C_l3a-ch4-mf-v1_plume.tif,GAO20211102t162013p0000-C_l3a-ch4-mf-v1_plume.png,GAO20211102t162013p0000-C_l3a-ch4-mf-v1_rgb.tif,GAO20211102t162013p0000-C_l3a-ch4-mf-v1_rgb.png
GAO20211102t162013p0000-D,29.264338,-89.082589,2021-11-02T16:20:13Z,Oil & Gas (1B2),CH4,mf,"[-89.08829471080487, 29.256564067046334, -89.07769324641245, 29.26578133383665]",GAO,2023-05-14T20:34:00Z,NA,NA,NA,NA,831.5592032,332.8048827,NA,NA,NA,NA,hrrr,Global Airborne Observatory,ASU GDCS,GAO20211102t162013p0000-D_l3a-ch4-mf-v1_plume.tif,GAO20211102t162013p0000-D_l3a-ch4-mf-v1_plume.png,GAO20211102t162013p0000-D_l3a-ch4-mf-v1_rgb.tif,GAO20211102t162013p0000-D_l3a-ch4-mf-v1_rgb.png
GAO20211102t163428p0000-A,29.12678385,-89.32284888,2021-11-02T16:34:28Z,Oil & Gas (1B2),CH4,mf,"[-89.32776012221063, 29.122565760789847, -89.31947561863595, 29.12977122405694]",GAO,2023-05-14T20:34:00Z,NA,NA,NA,NA,71.99236898,30.12585675,NA,NA,NA,NA,hrrr,Global Airborne Observatory,ASU GDCS,GAO20211102t163428p0000-A_l3a-ch4-mf-v1_plume.tif,GAO20211102t163428p0000-A_l3a-ch4-mf-v1_plume.png,GAO20211102t163428p0000-A_l3a-ch4-mf-v1_rgb.tif,GAO20211102t163428p0000-A_l3a-ch4-mf-v1_rgb.png
GAO20211102t163750p0000-A,29.132365,-89.388829,2021-11-02T16:37:50Z,Oil & Gas (1B2),CH4,mf,"[-89.39477100729164, 29.127101140688115, -89.3864855851747, 29.13433855087839]",GAO,2023-05-14T20:34:00Z,NA,NA,NA,NA,1145.962677,692.8896978,NA,NA,NA,NA,hrrr,Global Airborne Observatory,ASU GDCS,GAO20211102t163750p0000-A_l3a-ch4-mf-v1_plume.tif,GAO20211102t163750p0000-A_l3a-ch4-mf-v1_plume.png,GAO20211102t163750p0000-A_l3a-ch4-mf-v1_rgb.tif,GAO20211102t163750p0000-A_l3a-ch4-mf-v1_rgb.png
GAO20211102t170930p0000-A,29.362911,-89.769874,2021-11-02T17:09:30Z,Oil & Gas (1B2),CH4,mf,"[-89.77451536638533, 29.359091627435323, -89.76631735104418, 29.366267946545367]",GAO,2023-05-14T20:34:00Z,NA,NA,NA,NA,1485.262922,434.2633013,NA,NA,NA,NA,hrrr,Global Airborne Observatory,ASU GDCS,GAO20211102t170930p0000-A_l3a-ch4-mf-v1_plume.tif,GAO20211102t170930p0000-A_l3a-ch4-mf-v1_plume.png,GAO20211102t170930p0000-A_l3a-ch4-mf-v1_rgb.tif,GAO20211102t170930p0000-A_l3a-ch4-mf-v1_rgb.png
GAO20211102t171215p0000-A,29.36288831,-89.76987123,2021-11-02T17:12:15Z,Oil & Gas (1B2),CH4,mf,"[-89.7751883929046, 29.358317945998248, -89.76691810060242, 29.36552583544708]",GAO,2023-05-14T20:34:00Z,NA,NA,NA,NA,570.0701343,299.3163968,NA,NA,NA,NA,hrrr,Global Airborne Observatory,ASU GDCS,GAO20211102t171215p0000-A_l3a-ch4-mf-v1_plume.tif,GAO20211102t171215p0000-A_l3a-ch4-mf-v1_plume.png,GAO20211102t171215p0000-A_l3a-ch4-mf-v1_rgb.tif,GAO20211102t171215p0000-A_l3a-ch4-mf-v1_rgb.png
GAO20211102t172154p0000-A,29.363401,-89.77003,2021-11-02T17:21:54Z,Oil & Gas (1B2),CH4,mf,"[-89.77427360290667, 29.359905514490556, -89.76600318801998, 29.367113398414297]",GAO,2023-05-14T20:34:00Z,NA,NA,NA,NA,2437.836718,545.0678193,NA,NA,NA,NA,hrrr,Global Airborne Observatory,ASU GDCS,GAO20211102t172154p0000-A_l3a-ch4-mf-v1_plume.tif,GAO20211102t172154p0000-A_l3a-ch4-mf-v1_plume.png,GAO20211102t172154p0000-A_l3a-ch4-mf-v1_rgb.tif,GAO20211102t172154p0000-A_l3a-ch4-mf-v1_rgb.png
GAO20211102t172508p0000-A,29.374246,-89.773347,2021-11-02T17:25:08Z,Oil & Gas (1B2),CH4,mf,"[-89.77792580058154, 29.36977852282424, -89.76961855520626, 29.37698632832568]",GAO,2023-05-14T20:34:00Z,NA,NA,NA,NA,155.0023674,38.01101222,NA,NA,NA,NA,hrrr,Global Airborne Observatory,ASU GDCS,GAO20211102t172508p0000-A_l3a-ch4-mf-v1_plume.tif,GAO20211102t172508p0000-A_l3a-ch4-mf-v1_plume.png,GAO20211102t172508p0000-A_l3a-ch4-mf-v1_rgb.tif,GAO20211102t172508p0000-A_l3a-ch4-mf-v1_rgb.png
GAO20211102t172730p0000-A,29.374246,-89.773347,2021-11-02T17:27:30Z,Oil & Gas (1B2),CH4,mf,"[-89.77831888865678, 29.369882719921222, -89.77001163253661, 29.37709052736912]",GAO,2023-05-14T20:34:00Z,NA,NA,NA,NA,96.6730562,21.63349203,NA,NA,NA,NA,hrrr,Global Airborne Observatory,ASU GDCS,GAO20211102t172730p0000-A_l3a-ch4-mf-v1_plume.tif,GAO20211102t172730p0000-A_l3a-ch4-mf-v1_plume.png,GAO20211102t172730p0000-A_l3a-ch4-mf-v1_rgb.tif,GAO20211102t172730p0000-A_l3a-ch4-mf-v1_rgb.png
GAO20211102t174032p0000-A,29.42016621,-89.50234356,2021-11-02T17:40:32Z,Oil & Gas (1B2),CH4,mf,"[-89.50683532305328, 29.41586945452774, -89.49859836310706, 29.42304423423863]",GAO,2023-05-14T20:34:00Z,NA,NA,NA,NA,1129.866038,436.2988729,NA,NA,NA,NA,hrrr,Global Airborne Observatory,ASU GDCS,GAO20211102t174032p0000-A_l3a-ch4-mf-v1_plume.tif,GAO20211102t174032p0000-A_l3a-ch4-mf-v1_plume.png,GAO20211102t174032p0000-A_l3a-ch4-mf-v1_rgb.tif,GAO20211102t174032p0000-A_l3a-ch4-mf-v1_rgb.png
GAO20211102t174458p0000-A,29.452738,-89.403615,2021-11-02T17:44:58Z,Oil & Gas (1B2),CH4,mf,"[-89.40986873793754, 29.444529879127128, -89.3983054290251, 29.454630543942876]",GAO,2023-05-14T20:34:00Z,NA,NA,NA,NA,1799.611292,609.0904513,NA,NA,NA,NA,hrrr,Global Airborne Observatory,ASU GDCS,GAO20211102t174458p0000-A_l3a-ch4-mf-v1_plume.tif,GAO20211102t174458p0000-A_l3a-ch4-mf-v1_plume.png,GAO20211102t174458p0000-A_l3a-ch4-mf-v1_rgb.tif,GAO20211102t174458p0000-A_l3a-ch4-mf-v1_rgb.png
GAO20211102t175335p0000-A,29.574596,-89.452683,2021-11-02T17:53:35Z,Oil & Gas (1B2),CH4,mf,"[-89.45723887360361, 29.571112598516184, -89.44891732114704, 29.578318492576596]",GAO,2023-05-14T20:34:00Z,NA,NA,NA,NA,2730.752948,1014.514592,NA,NA,NA,NA,hrrr,Global Airborne Observatory,ASU GDCS,GAO20211102t175335p0000-A_l3a-ch4-mf-v1_plume.tif,GAO20211102t175335p0000-A_l3a-ch4-mf-v1_plume.png,GAO20211102t175335p0000-A_l3a-ch4-mf-v1_rgb.tif,GAO20211102t175335p0000-A_l3a-ch4-mf-v1_rgb.png
GAO20211102t175646p0000-A,29.5304,-89.486262,2021-11-02T17:56:46Z,Oil & Gas (1B2),CH4,mf,"[-89.49130974188944, 29.526448091811947, -89.48295524251971, 29.533717316916217]",GAO,2023-05-14T20:34:00Z,NA,NA,NA,NA,1639.22958,1260.776097,NA,NA,NA,NA,hrrr,Global Airborne Observatory,ASU GDCS,GAO20211102t175646p0000-A_l3a-ch4-mf-v1_plume.tif,GAO20211102t175646p0000-A_l3a-ch4-mf-v1_plume.png,GAO20211102t175646p0000-A_l3a-ch4-mf-v1_rgb.tif,GAO20211102t175646p0000-A_l3a-ch4-mf-v1_rgb.png
GAO20211102t181313p0000-A,29.57067398,-89.512216,2021-11-02T18:13:13Z,Oil & Gas (1B2),CH4,mf,"[-89.52316455007389, 29.562162008229727, -89.50916277315332, 29.57430884610788]",GAO,2023-05-14T20:34:00Z,NA,NA,NA,NA,3157.747352,650.1158225,NA,NA,NA,NA,hrrr,Global Airborne Observatory,ASU GDCS,GAO20211102t181313p0000-A_l3a-ch4-mf-v1_plume.tif,GAO20211102t181313p0000-A_l3a-ch4-mf-v1_plume.png,GAO20211102t181313p0000-A_l3a-ch4-mf-v1_rgb.tif,GAO20211102t181313p0000-A_l3a-ch4-mf-v1_rgb.png
GAO20220506t174405p0000-A,30.084048,-90.916151,2022-05-06T17:44:05Z,Other,CH4,mf,"[-90.9189010054254, 30.081621175495105, -90.91067536166396, 30.088738669666355]",GAO,2023-05-14T20:34:52Z,NA,NA,NA,NA,542.7524258,243.2099558,NA,NA,NA,NA,hrrr,Global Airborne Observatory,ASU GDCS,GAO20220506t174405p0000-A_l3a-ch4-mf-v1_plume.tif,GAO20220506t174405p0000-A_l3a-ch4-mf-v1_plume.png,GAO20220506t174405p0000-A_l3a-ch4-mf-v1_rgb.tif,GAO20220506t174405p0000-A_l3a-ch4-mf-v1_rgb.png
GAO20220506t174405p0000-B,30.081087,-90.916436,2022-05-06T17:44:05Z,Other,CH4,mf,"[-90.9196416489898, 30.077432883282167, -90.91134344961772, 30.084644952835195]",GAO,2023-05-14T20:34:52Z,NA,NA,NA,NA,611.9020014,341.950597,NA,NA,NA,NA,hrrr,Global Airborne Observatory,ASU GDCS,GAO20220506t174405p0000-B_l3a-ch4-mf-v1_plume.tif,GAO20220506t174405p0000-B_l3a-ch4-mf-v1_plume.png,GAO20220506t174405p0000-B_l3a-ch4-mf-v1_rgb.tif,GAO20220506t174405p0000-B_l3a-ch4-mf-v1_rgb.png
GAO20220506t174836p0000-A,30.084047,-90.916136,2022-05-06T17:48:36Z,Other,CH4,mf,"[-90.91884957032654, 30.080609951297433, -90.91062401009907, 30.087727445961264]",GAO,2023-05-14T20:34:52Z,NA,NA,NA,NA,1041.722278,403.3477498,NA,NA,NA,NA,hrrr,Global Airborne Observatory,ASU GDCS,GAO20220506t174836p0000-A_l3a-ch4-mf-v1_plume.tif,GAO20220506t174836p0000-A_l3a-ch4-mf-v1_plume.png,GAO20220506t174836p0000-A_l3a-ch4-mf-v1_rgb.tif,GAO20220506t174836p0000-A_l3a-ch4-mf-v1_rgb.png
GAO20220506t174836p0000-B,30.081097,-90.916427,2022-05-06T17:48:36Z,Other,CH4,mf,"[-90.919470754185, 30.076924971603095, -90.91117259765528, 30.08413704095325]",GAO,2023-05-14T20:34:52Z,NA,NA,NA,NA,752.0733021,276.5551907,NA,NA,NA,NA,hrrr,Global Airborne Observatory,ASU GDCS,GAO20220506t174836p0000-B_l3a-ch4-mf-v1_plume.tif,GAO20220506t174836p0000-B_l3a-ch4-mf-v1_plume.png,GAO20220506t174836p0000-B_l3a-ch4-mf-v1_rgb.tif,GAO20220506t174836p0000-B_l3a-ch4-mf-v1_rgb.png
GAO20220506t182728p0000-A,30.177304,-91.083994,2022-05-06T18:27:28Z,Oil & Gas (1B2),CH4,mf,"[-91.08774502227735, 30.173328956504402, -91.07951122622917, 30.180446889077217]",GAO,2023-05-14T20:34:52Z,NA,NA,NA,NA,662.1038955,76.81480203,NA,NA,NA,NA,hrrr,Global Airborne Observatory,ASU GDCS,GAO20220506t182728p0000-A_l3a-ch4-mf-v1_plume.tif,GAO20220506t182728p0000-A_l3a-ch4-mf-v1_plume.png,GAO20220506t182728p0000-A_l3a-ch4-mf-v1_rgb.tif,GAO20220506t182728p0000-A_l3a-ch4-mf-v1_rgb.png
GAO20220506t183449p0000-B,30.196919,-91.101229,2022-05-06T18:34:49Z,Oil & Gas (1B2),CH4,mf,"[-91.10492080999158, 30.193060580321543, -91.0966123382049, 30.200210132710243]",GAO,2023-05-14T20:34:52Z,NA,NA,NA,NA,375.2284329,73.28004462,NA,NA,NA,NA,hrrr,Global Airborne Observatory,ASU GDCS,GAO20220506t183449p0000-B_l3a-ch4-mf-v1_plume.tif,GAO20220506t183449p0000-B_l3a-ch4-mf-v1_plume.png,GAO20220506t183449p0000-B_l3a-ch4-mf-v1_rgb.tif,GAO20220506t183449p0000-B_l3a-ch4-mf-v1_rgb.png
GAO20220506t183449p0000-C,30.097801,-90.957107,2022-05-06T18:34:49Z,Other,CH4,mf,"[-90.95892256813619, 30.093458473888916, -90.95073210573742, 30.100576172122878]",GAO,2023-05-14T20:34:52Z,NA,NA,NA,NA,1675.535458,300.6599029,NA,NA,NA,NA,hrrr,Global Airborne Observatory,ASU GDCS,GAO20220506t183449p0000-C_l3a-ch4-mf-v1_plume.tif,GAO20220506t183449p0000-C_l3a-ch4-mf-v1_plume.png,GAO20220506t183449p0000-C_l3a-ch4-mf-v1_rgb.tif,GAO20220506t183449p0000-C_l3a-ch4-mf-v1_rgb.png
GAO20220506t184839p0000-A,30.097715,-90.956883,2022-05-06T18:48:39Z,Other,CH4,mf,"[-90.9598981308189, 30.093694748270895, -90.95167134672249, 30.10081235997204]",GAO,2023-05-14T20:34:52Z,NA,NA,NA,NA,2126.951695,246.9910504,NA,NA,NA,NA,hrrr,Global Airborne Observatory,ASU GDCS,GAO20220506t184839p0000-A_l3a-ch4-mf-v1_plume.tif,GAO20220506t184839p0000-A_l3a-ch4-mf-v1_plume.png,GAO20220506t184839p0000-A_l3a-ch4-mf-v1_rgb.tif,GAO20220506t184839p0000-A_l3a-ch4-mf-v1_rgb.png
GAO20220506t185853p0000-A,30.081052,-90.916445,2022-05-06T18:58:53Z,Other,CH4,mf,"[-90.91971170115806, 30.07755963169231, -90.91137699084742, 30.084771791792722]",GAO,2023-05-14T20:34:52Z,NA,NA,NA,NA,1241.076708,251.9831458,NA,NA,NA,NA,hrrr,Global Airborne Observatory,ASU GDCS,GAO20220506t185853p0000-A_l3a-ch4-mf-v1_plume.tif,GAO20220506t185853p0000-A_l3a-ch4-mf-v1_plume.png,GAO20220506t185853p0000-A_l3a-ch4-mf-v1_rgb.tif,GAO20220506t185853p0000-A_l3a-ch4-mf-v1_rgb.png
GAO20220506t185853p0000-B,30.084188,-90.915361,2022-05-06T18:58:53Z,Other,CH4,mf,"[-90.91825382935475, 30.079558015796295, -90.90995545829271, 30.086770079610876]",GAO,2023-05-14T20:34:52Z,NA,NA,NA,NA,2010.466849,569.3425397,NA,NA,NA,NA,hrrr,Global Airborne Observatory,ASU GDCS,GAO20220506t185853p0000-B_l3a-ch4-mf-v1_plume.tif,GAO20220506t185853p0000-B_l3a-ch4-mf-v1_plume.png,GAO20220506t185853p0000-B_l3a-ch4-mf-v1_rgb.tif,GAO20220506t185853p0000-B_l3a-ch4-mf-v1_rgb.png
GAO20220506t193353p0000-A,30.084062,-90.916237,2022-05-06T19:33:53Z,Other,CH4,mf,"[-90.91870704138054, 30.08048130666863, -90.91051778569293, 30.087598890326213]",GAO,2023-05-14T20:34:52Z,NA,NA,NA,NA,1771.870896,326.3492245,NA,NA,NA,NA,hrrr,Global Airborne Observatory,ASU GDCS,GAO20220506t193353p0000-A_l3a-ch4-mf-v1_plume.tif,GAO20220506t193353p0000-A_l3a-ch4-mf-v1_plume.png,GAO20220506t193353p0000-A_l3a-ch4-mf-v1_rgb.tif,GAO20220506t193353p0000-A_l3a-ch4-mf-v1_rgb.png
GAO20220506t193353p0000-B,30.081085,-90.916455,2022-05-06T19:33:53Z,Other,CH4,mf,"[-90.91986017863518, 30.0774041065753, -90.91152548077379, 30.084616267241966]",GAO,2023-05-14T20:34:52Z,NA,NA,NA,NA,902.4036582,227.633798,NA,NA,NA,NA,hrrr,Global Airborne Observatory,ASU GDCS,GAO20220506t193353p0000-B_l3a-ch4-mf-v1_plume.tif,GAO20220506t193353p0000-B_l3a-ch4-mf-v1_plume.png,GAO20220506t193353p0000-B_l3a-ch4-mf-v1_rgb.tif,GAO20220506t193353p0000-B_l3a-ch4-mf-v1_rgb.png
GAO20220506t195745p0000-A,29.931254,-90.253337,2022-05-06T19:57:45Z,Oil & Gas (1B2),CH4,mf,"[-90.25488704458802, 29.92739916148884, -90.24413363009513, 29.936718260744044]",GAO,2023-05-14T20:34:52Z,NA,NA,NA,NA,1464.248314,298.7107886,NA,NA,NA,NA,hrrr,Global Airborne Observatory,ASU GDCS,GAO20220506t195745p0000-A_l3a-ch4-mf-v1_plume.tif,GAO20220506t195745p0000-A_l3a-ch4-mf-v1_plume.png,GAO20220506t195745p0000-A_l3a-ch4-mf-v1_rgb.tif,GAO20220506t195745p0000-A_l3a-ch4-mf-v1_rgb.png
GAO20220506t200303p0000-A,29.931278,-90.253223,2022-05-06T20:03:03Z,Oil & Gas (1B2),CH4,mf,"[-90.2558559155062, 29.92789150416387, -90.24760935138151, 29.935038165193614]",GAO,2023-05-14T20:34:52Z,NA,NA,NA,NA,1913.053893,301.0961061,NA,NA,NA,NA,hrrr,Global Airborne Observatory,ASU GDCS,GAO20220506t200303p0000-A_l3a-ch4-mf-v1_plume.tif,GAO20220506t200303p0000-A_l3a-ch4-mf-v1_plume.png,GAO20220506t200303p0000-A_l3a-ch4-mf-v1_rgb.tif,GAO20220506t200303p0000-A_l3a-ch4-mf-v1_rgb.png
ang20220604t155809-A,29.931215,-90.253519,2022-06-04T15:58:09Z,Oil & Gas (1B2),CH4,mf,"[-90.26034001868342, 29.92487861951724, -90.24832358984814, 29.935338349432424]",ang,2023-05-14T20:34:52Z,NA,NA,NA,NA,2731.060742,580.380429,NA,NA,NA,NA,hrrr,AVIRIS-NG,NASA-JPL AVIRIS-NH,ang20220604t155809-A_l3a-ch4-mf-v1_plume.tif,ang20220604t155809-A_l3a-ch4-mf-v1_plume.png,ang20220604t155809-A_l3a-ch4-mf-v1_rgb.tif,ang20220604t155809-A_l3a-ch4-mf-v1_rgb.png
ang20220604t204825-A,29.378471,-94.9002,2022-06-04T20:48:25Z,Oil & Gas (1B2),CH4,mf,"[-94.90596145258108, 29.373191238220862, -94.89400699269603, 29.38360834040185]",ang,2023-05-14T20:34:52Z,NA,NA,NA,NA,519.4286203,295.9379519,NA,NA,NA,NA,hrrr,AVIRIS-NG,NASA-JPL AVIRIS-NH,ang20220604t204825-A_l3a-ch4-mf-v1_plume.tif,ang20220604t204825-A_l3a-ch4-mf-v1_plume.png,ang20220604t204825-A_l3a-ch4-mf-v1_rgb.tif,ang20220604t204825-A_l3a-ch4-mf-v1_rgb.png
ang20220609t195831-A,29.363055,-94.926404,2022-06-09T19:58:31Z,Oil & Gas (1B2),CH4,mf,"[-94.93272757099568, 29.358679761676168, -94.92077480126447, 29.369142763864005]",ang,2023-05-14T20:34:52Z,NA,NA,NA,NA,NA,NA,NA,NA,NA,NA,hrrr,AVIRIS-NG,NASA-JPL AVIRIS-NH,ang20220609t195831-A_l3a-ch4-mf-v1_plume.tif,ang20220609t195831-A_l3a-ch4-mf-v1_plume.png,ang20220609t195831-A_l3a-ch4-mf-v1_rgb.tif,ang20220609t195831-A_l3a-ch4-mf-v1_rgb.png
ang20220610t185107-A,29.755801,-95.016363,2022-06-10T18:51:07Z,Oil & Gas (1B2),CH4,mf,"[-95.02229231452237, 29.750814881100915, -95.01024148526177, 29.761230882635015]",ang,2023-05-14T20:34:52Z,NA,NA,NA,NA,370.085047,142.1096772,NA,NA,NA,NA,hrrr,AVIRIS-NG,NASA-JPL AVIRIS-NH,ang20220610t185107-A_l3a-ch4-mf-v1_plume.tif,ang20220610t185107-A_l3a-ch4-mf-v1_plume.png,ang20220610t185107-A_l3a-ch4-mf-v1_rgb.tif,ang20220610t185107-A_l3a-ch4-mf-v1_rgb.png
ang20220610t185843-A,29.721899,-95.176688,2022-06-10T18:58:43Z,Oil & Gas (1B2),CH4,mf,"[-95.18158712271827, 29.718873108785292, -95.16954110919599, 29.729288264661836]",ang,2023-05-14T20:34:52Z,NA,NA,NA,NA,886.5070339,316.2252374,NA,NA,NA,NA,hrrr,AVIRIS-NG,NASA-JPL AVIRIS-NH,ang20220610t185843-A_l3a-ch4-mf-v1_plume.tif,ang20220610t185843-A_l3a-ch4-mf-v1_plume.png,ang20220610t185843-A_l3a-ch4-mf-v1_rgb.tif,ang20220610t185843-A_l3a-ch4-mf-v1_rgb.png
ang20220610t190648-A,29.705767,-95.056641,2022-06-10T19:06:48Z,Oil & Gas (1B2),CH4,mf,"[-95.06160606589349, 29.701161434252946, -95.0495612335732, 29.711623289297773]",ang,2023-05-14T20:34:52Z,NA,NA,NA,NA,786.3460361,396.1623432,NA,NA,NA,NA,hrrr,AVIRIS-NG,NASA-JPL AVIRIS-NH,ang20220610t190648-A_l3a-ch4-mf-v1_plume.tif,ang20220610t190648-A_l3a-ch4-mf-v1_plume.png,ang20220610t190648-A_l3a-ch4-mf-v1_rgb.tif,ang20220610t190648-A_l3a-ch4-mf-v1_rgb.png
ang20220610t192115-A,29.622533,-95.044707,2022-06-10T19:21:15Z,Other,CH4,mf,"[-95.05148270302561, 29.617961331321492, -95.03944782743304, 29.628377304547115]",ang,2023-05-14T20:34:52Z,NA,NA,NA,NA,374.5279095,214.0651741,NA,NA,NA,NA,hrrr,AVIRIS-NG,NASA-JPL AVIRIS-NH,ang20220610t192115-A_l3a-ch4-mf-v1_plume.tif,ang20220610t192115-A_l3a-ch4-mf-v1_plume.png,ang20220610t192115-A_l3a-ch4-mf-v1_rgb.tif,ang20220610t192115-A_l3a-ch4-mf-v1_rgb.png
ang20220613t205443-A,30.053349,-93.758157,2022-06-13T20:54:43Z,Other,CH4,mfm,"[-93.7641022521427, 30.048555110524795, -93.7521691379607, 30.058883891851156]",ang,2023-05-14T20:34:52Z,NA,NA,NA,NA,1268.709187,364.925775,NA,NA,NA,NA,hrrr,AVIRIS-NG,NASA-JPL AVIRIS-NH,ang20220613t205443-A_l3a-ch4-mf-v1_plume.tif,ang20220613t205443-A_l3a-ch4-mf-v1_plume.png,ang20220613t205443-A_l3a-ch4-mf-v1_rgb.tif,ang20220613t205443-A_l3a-ch4-mf-v1_rgb.png
ang20220613t212058-A,29.769907,-93.339521,2022-06-13T21:20:58Z,Oil & Gas (1B2),CH4,mf,"[-93.34478710840268, 29.7650509503412, -93.33299265891121, 29.775334723810918]",ang,2023-05-14T20:34:52Z,NA,NA,NA,NA,NA,NA,NA,NA,NA,NA,hrrr,AVIRIS-NG,NASA-JPL AVIRIS-NH,ang20220613t212058-A_l3a-ch4-mf-v1_plume.tif,ang20220613t212058-A_l3a-ch4-mf-v1_plume.png,ang20220613t212058-A_l3a-ch4-mf-v1_rgb.tif,ang20220613t212058-A_l3a-ch4-mf-v1_rgb.png
ang20220614t163111-A,29.981478,-90.468244,2022-06-14T16:31:11Z,Oil & Gas (1B2),CH4,mf,"[-90.47362943659358, 29.97673478398825, -90.46149925358172, 29.987241736732834]",ang,2023-05-14T20:34:52Z,NA,NA,NA,NA,844.3141999,216.973595,NA,NA,NA,NA,hrrr,AVIRIS-NG,NASA-JPL AVIRIS-NH,ang20220614t163111-A_l3a-ch4-mf-v1_plume.tif,ang20220614t163111-A_l3a-ch4-mf-v1_plume.png,ang20220614t163111-A_l3a-ch4-mf-v1_rgb.tif,ang20220614t163111-A_l3a-ch4-mf-v1_rgb.png
ang20220614t164922-A,30.212991,-91.007188,2022-06-14T16:49:22Z,Other,CH4,mf,"[-91.01281295672162, 30.20833954332529, -91.00070472149285, 30.218757053279937]",ang,2023-05-14T20:34:52Z,NA,NA,NA,NA,1073.877838,407.9711526,NA,NA,NA,NA,hrrr,AVIRIS-NG,NASA-JPL AVIRIS-NH,ang20220614t164922-A_l3a-ch4-mf-v1_plume.tif,ang20220614t164922-A_l3a-ch4-mf-v1_plume.png,ang20220614t164922-A_l3a-ch4-mf-v1_rgb.tif,ang20220614t164922-A_l3a-ch4-mf-v1_rgb.png
ang20220614t170015-A,30.088013,-90.867405,2022-06-14T17:00:15Z,Oil & Gas (1B2),CH4,mf,"[-90.873190946006, 30.082909961246767, -90.86109868346303, 30.09332696680773]",ang,2023-05-14T20:34:52Z,NA,NA,NA,NA,227.2702141,93.55717676,NA,NA,NA,NA,hrrr,AVIRIS-NG,NASA-JPL AVIRIS-NH,ang20220614t170015-A_l3a-ch4-mf-v1_plume.tif,ang20220614t170015-A_l3a-ch4-mf-v1_plume.png,ang20220614t170015-A_l3a-ch4-mf-v1_rgb.tif,ang20220614t170015-A_l3a-ch4-mf-v1_rgb.png
ang20220614t191242-A,30.053133,-93.756254,2022-06-14T19:12:42Z,Other,CH4,mf,"[-93.7619456971245, 30.04844617700012, -93.74995955224543, 30.058820868381876]",ang,2023-05-14T20:34:52Z,NA,NA,NA,NA,NA,NA,NA,NA,NA,NA,hrrr,AVIRIS-NG,NASA-JPL AVIRIS-NH,ang20220614t191242-A_l3a-ch4-mf-v1_plume.tif,ang20220614t191242-A_l3a-ch4-mf-v1_plume.png,ang20220614t191242-A_l3a-ch4-mf-v1_rgb.tif,ang20220614t191242-A_l3a-ch4-mf-v1_rgb.png
ang20220614t191242-B,30.053558,-93.758179,2022-06-14T19:12:42Z,Other,CH4,mf,"[-93.76443256002882, 30.048524013291427, -93.7524465648756, 30.058852664219827]",ang,2023-05-14T20:34:52Z,NA,NA,NA,NA,NA,NA,NA,NA,NA,NA,hrrr,AVIRIS-NG,NASA-JPL AVIRIS-NH,ang20220614t191242-B_l3a-ch4-mf-v1_plume.tif,ang20220614t191242-B_l3a-ch4-mf-v1_plume.png,ang20220614t191242-B_l3a-ch4-mf-v1_rgb.tif,ang20220614t191242-B_l3a-ch4-mf-v1_rgb.png
ang20220615t173245-A,30.213002,-91.007091,2022-06-15T17:32:45Z,Other,CH4,mf,"[-91.01209470649307, 30.20740770550048, -90.9999864349799, 30.217871235574343]",ang,2023-05-14T20:34:52Z,NA,NA,NA,NA,311.9218501,185.9505566,NA,NA,NA,NA,hrrr,AVIRIS-NG,NASA-JPL AVIRIS-NH,ang20220615t173245-A_l3a-ch4-mf-v1_plume.tif,ang20220615t173245-A_l3a-ch4-mf-v1_plume.png,ang20220615t173245-A_l3a-ch4-mf-v1_rgb.tif,ang20220615t173245-A_l3a-ch4-mf-v1_rgb.png
ang20220615t180834-A,30.196202,-91.100528,2022-06-15T18:08:34Z,Oil & Gas (1B2),CH4,mf,"[-91.10639872760042, 30.190851309503095, -91.09429216916794, 30.201269227678324]",ang,2023-05-14T20:34:52Z,NA,NA,NA,NA,72.16880501,41.38674175,NA,NA,NA,NA,hrrr,AVIRIS-NG,NASA-JPL AVIRIS-NH,ang20220615t180834-A_l3a-ch4-mf-v1_plume.tif,ang20220615t180834-A_l3a-ch4-mf-v1_plume.png,ang20220615t180834-A_l3a-ch4-mf-v1_rgb.tif,ang20220615t180834-A_l3a-ch4-mf-v1_rgb.png
ang20220617t203113-A,29.706701,-95.078183,2022-06-17T20:31:13Z,Other,CH4,mf,"[-95.08736086497856, 29.704802204292907, -95.07531591620942, 29.71521789946201]",ang,2023-05-14T20:34:52Z,NA,NA,NA,NA,1611.326433,616.0967289,NA,NA,NA,NA,hrrr,AVIRIS-NG,NASA-JPL AVIRIS-NH,ang20220617t203113-A_l3a-ch4-mf-v1_plume.tif,ang20220617t203113-A_l3a-ch4-mf-v1_plume.png,ang20220617t203113-A_l3a-ch4-mf-v1_rgb.tif,ang20220617t203113-A_l3a-ch4-mf-v1_rgb.png
ang20220617t204350-A,29.622636,-95.044841,2022-06-17T20:43:50Z,Other,CH4,mf,"[-95.05154120495463, 29.618029523539853, -95.03950632165959, 29.628445496384447]",ang,2023-05-14T20:34:52Z,NA,NA,NA,NA,658.5757639,191.80951,NA,NA,NA,NA,hrrr,AVIRIS-NG,NASA-JPL AVIRIS-NH,ang20220617t204350-A_l3a-ch4-mf-v1_plume.tif,ang20220617t204350-A_l3a-ch4-mf-v1_plume.png,ang20220617t204350-A_l3a-ch4-mf-v1_rgb.tif,ang20220617t204350-A_l3a-ch4-mf-v1_rgb.png
ang20220617t205220-A,29.622644,-95.044711,2022-06-17T20:52:20Z,Other,CH4,mf,"[-95.05192087834277, 29.618046478387637, -95.03988584103263, 29.628508466308595]",ang,2023-05-14T20:34:52Z,NA,NA,NA,NA,740.2090528,221.2518826,NA,NA,NA,NA,hrrr,AVIRIS-NG,NASA-JPL AVIRIS-NH,ang20220617t205220-A_l3a-ch4-mf-v1_plume.tif,ang20220617t205220-A_l3a-ch4-mf-v1_plume.png,ang20220617t205220-A_l3a-ch4-mf-v1_rgb.tif,ang20220617t205220-A_l3a-ch4-mf-v1_rgb.png
ang20220618t144935-A,29.989862,-90.450877,2022-06-18T14:49:35Z,Other,CH4,mf,"[-90.45570164993637, 29.983830303678698, -90.44367682460894, 29.994291136448492]",ang,2023-05-14T20:34:52Z,NA,NA,NA,NA,NA,NA,NA,NA,NA,NA,hrrr,AVIRIS-NG,NASA-JPL AVIRIS-NH,ang20220618t144935-A_l3a-ch4-mf-v1_plume.tif,ang20220618t144935-A_l3a-ch4-mf-v1_plume.png,ang20220618t144935-A_l3a-ch4-mf-v1_rgb.tif,ang20220618t144935-A_l3a-ch4-mf-v1_rgb.png
ang20220618t162136-A,30.49328,-91.219362,2022-06-18T16:21:36Z,Oil & Gas (1B2),CH4,mf,"[-91.2241856342557, 30.488047421806293, -91.21209531687852, 30.498511406155053]",ang,2023-05-14T20:34:52Z,NA,NA,NA,NA,NA,NA,NA,NA,NA,NA,hrrr,AVIRIS-NG,NASA-JPL AVIRIS-NH,ang20220618t162136-A_l3a-ch4-mf-v1_plume.tif,ang20220618t162136-A_l3a-ch4-mf-v1_plume.png,ang20220618t162136-A_l3a-ch4-mf-v1_rgb.tif,ang20220618t162136-A_l3a-ch4-mf-v1_rgb.png
ang20220618t204413-A,29.770704,-93.332652,2022-06-18T20:44:13Z,Oil & Gas (1B2),CH4,mfm,"[-93.33815607036978, 29.76609064043549, -93.32625555683141, 29.776420460728442]",ang,2023-05-14T20:34:52Z,NA,NA,NA,NA,NA,NA,NA,NA,NA,NA,hrrr,AVIRIS-NG,NASA-JPL AVIRIS-NH,ang20220618t204413-A_l3a-ch4-mf-v1_plume.tif,ang20220618t204413-A_l3a-ch4-mf-v1_plume.png,ang20220618t204413-A_l3a-ch4-mf-v1_rgb.tif,ang20220618t204413-A_l3a-ch4-mf-v1_rgb.png
GAO20230416t161956p0000-A,29.83143898052718,-95.24934636907712,2023-04-16T16:19:56Z,Other,CH4,mf,"[-95.25491565517096, 29.823667571614134, -95.24305157041817, 29.833959848038273]",GAO,2023-06-15T03:20:59Z,NA,NA,NA,NA,NA,NA,NA,NA,NA,NA,NA,Global Airborne Observatory,ASU GDCS,GAO20230416t161956p0000-A_l3a-ch4-mf-v0_plume.tif,GAO20230416t161956p0000-A_l3a-ch4-mf-v0_plume.png,GAO20230416t161956p0000-A_l3a-ch4-mf-v0_rgb.tif,GAO20230416t161956p0000-A_l3a-ch4-mf-v0_rgb.png
GAO20230416t163842p0000-B,29.42665261768433,-95.1847640125422,2023-04-16T16:38:42Z,Other,CH4,mf,"[-95.1906506322535, 29.421295742040197, -95.17873080273752, 29.431632814481283]",GAO,2023-06-13T15:50:03Z,NA,NA,NA,NA,NA,NA,NA,NA,NA,NA,NA,Global Airborne Observatory,ASU GDCS,GAO20230416t163842p0000-B_l3a-ch4-mf-v0_plume.tif,GAO20230416t163842p0000-B_l3a-ch4-mf-v0_plume.png,GAO20230416t163842p0000-B_l3a-ch4-mf-v0_rgb.tif,GAO20230416t163842p0000-B_l3a-ch4-mf-v0_rgb.png
GAO20230416t165032p0000-B,29.0313499850908,-95.36835123740964,2023-04-16T16:50:32Z,Oil & Gas (1B2),CH4,mf,"[-95.37435840688606, 29.02507868766236, -95.36258531857668, 29.035417599778334]",GAO,2023-06-15T03:05:08Z,NA,NA,NA,NA,749.8189311810233,602.6518750546269,7.578125,0.36572265625,32.31944274902344,92.513519287109375,hrrr,Global Airborne Observatory,ASU GDCS,GAO20230416t165032p0000-B_l3a-ch4-mf-v0_plume.tif,GAO20230416t165032p0000-B_l3a-ch4-mf-v0_plume.png,GAO20230416t165032p0000-B_l3a-ch4-mf-v0_rgb.tif,GAO20230416t165032p0000-B_l3a-ch4-mf-v0_rgb.png
GAO20230416t165704p0000-D,29.03142320202022,-95.36834153388344,2023-04-16T16:57:04Z,Oil & Gas (1B2),CH4,mf,"[-95.37430261034999, 29.025210908155067, -95.36247794564089, 29.035549951759215]",GAO,2023-06-15T00:22:43Z,NA,NA,NA,NA,729.5821143611453,337.8062926662811,7.578125,0.36572265625,32.31944274902344,92.513519287109375,hrrr,Global Airborne Observatory,ASU GDCS,GAO20230416t165704p0000-D_l3a-ch4-mf-v0_plume.tif,GAO20230416t165704p0000-D_l3a-ch4-mf-v0_plume.png,GAO20230416t165704p0000-D_l3a-ch4-mf-v0_rgb.tif,GAO20230416t165704p0000-D_l3a-ch4-mf-v0_rgb.png
GAO20230416t170751p0000-C,29.400247446994328,-95.71413436490737,2023-04-16T17:07:51Z,Other,CH4,mf,"[-95.7203612716785, 29.39438345599958, -95.7086460817004, 29.40463490303776]",GAO,2023-06-15T00:19:50Z,NA,NA,NA,NA,536.6079363486764,107.07388979370904,6.546875,0.394287109375,236.39352416992188,163.97195434570312,hrrr,Global Airborne Observatory,ASU GDCS,GAO20230416t170751p0000-C_l3a-ch4-mf-v0_plume.tif,GAO20230416t170751p0000-C_l3a-ch4-mf-v0_plume.png,GAO20230416t170751p0000-C_l3a-ch4-mf-v0_rgb.tif,GAO20230416t170751p0000-C_l3a-ch4-mf-v0_rgb.png
GAO20230416t182119p0000-C,29.426343965979953,-95.18497149517596,2023-04-16T18:21:19Z,Other,CH4,mf,"[-95.19060593019844, 29.42111416153624, -95.17868612229663, 29.43145123370987]",GAO,2023-06-20T21:19:43Z,NA,NA,NA,NA,802.4153200901078,287.9178081252488,6.02734375,0.77880859375,342.370361328125,67.135101318359375,hrrr,Global Airborne Observatory,ASU GDCS,GAO20230416t182119p0000-C_l3a-ch4-mf-v0_plume.tif,GAO20230416t182119p0000-C_l3a-ch4-mf-v0_plume.png,GAO20230416t182119p0000-C_l3a-ch4-mf-v0_rgb.tif,GAO20230416t182119p0000-C_l3a-ch4-mf-v0_rgb.png
GAO20230416t183303p0000-A,29.031370195760545,-95.36835196436512,2023-04-16T18:33:03Z,Oil & Gas (1B2),CH4,mf,"[-95.37456669363868, 29.024992803165826, -95.36274235652188, 29.035286633219417]",GAO,2023-06-14T21:22:55Z,NA,NA,NA,NA,1256.0698920351374,1011.7825172700162,6.53125,0.7265625,55.85647964477539,126.4432601928711,hrrr,Global Airborne Observatory,ASU GDCS,GAO20230416t183303p0000-A_l3a-ch4-mf-v0_plume.tif,GAO20230416t183303p0000-A_l3a-ch4-mf-v0_plume.png,GAO20230416t183303p0000-A_l3a-ch4-mf-v0_rgb.tif,GAO20230416t183303p0000-A_l3a-ch4-mf-v0_rgb.png
GAO20230416t183819p0000-B,29.0314094503498,-95.3683802130128,2023-04-16T18:38:19Z,Oil & Gas (1B2),CH4,mf,"[-95.37409588267245, 29.02525191784414, -95.36232277723907, 29.035590827647685]",GAO,2023-08-08T02:53:20Z,NA,NA,NA,NA,1085.8516485492794,414.9601265259123,6.53125,0.7265625,55.85647964477539,126.4432601928711,hrrr,Global Airborne Observatory,ASU GDCS,GAO20230416t183819p0000-B_l3a-ch4-mf-v0_plume.tif,GAO20230416t183819p0000-B_l3a-ch4-mf-v0_plume.png,GAO20230416t183819p0000-B_l3a-ch4-mf-v0_rgb.tif,GAO20230416t183819p0000-B_l3a-ch4-mf-v0_rgb.png
GAO20230416t184913p0000-B,29.400244394525828,-95.71409503911462,2023-04-16T18:49:13Z,Other,CH4,mf,"[-95.72739443276876, 29.381395051856654, -95.70267544419244, 29.40293223535234]",GAO,2023-06-13T04:53:41Z,NA,NA,NA,NA,343.1891074574882,82.31101751304084,6.24609375,0.6064453125,351.78704833984375,1.7515915632247925,hrrr,Global Airborne Observatory,ASU GDCS,GAO20230416t184913p0000-B_l3a-ch4-mf-v0_plume.tif,GAO20230416t184913p0000-B_l3a-ch4-mf-v0_plume.png,GAO20230416t184913p0000-B_l3a-ch4-mf-v0_rgb.tif,GAO20230416t184913p0000-B_l3a-ch4-mf-v0_rgb.png
GAO20230422t180736p0000-C,29.03146380859704,-95.36844453812,2023-04-22T18:07:36Z,Oil & Gas (1B2),CH4,mf,"[-95.37477864696685, 29.026262164839604, -95.36300542063867, 29.03660107963471]",GAO,2023-06-15T16:32:32Z,NA,NA,NA,NA,435.7883449218469,308.89381939393695,6.69921875,0.38134765625,94.65277862548828,3.4571340084075928,hrrr,Global Airborne Observatory,ASU GDCS,GAO20230422t180736p0000-C_l3a-ch4-mf-v0_plume.tif,GAO20230422t180736p0000-C_l3a-ch4-mf-v0_plume.png,GAO20230422t180736p0000-C_l3a-ch4-mf-v0_rgb.tif,GAO20230422t180736p0000-C_l3a-ch4-mf-v0_rgb.png
GAO20230422t181825p0000-B,29.40023732686535,-95.71407975327143,2023-04-22T18:18:25Z,Other,CH4,mf,"[-95.71976930102812, 29.395180464428616, -95.70805402491305, 29.405431906489675]",GAO,2023-06-14T19:36:34Z,NA,NA,NA,NA,NA,NA,NA,NA,NA,NA,NA,Global Airborne Observatory,ASU GDCS,GAO20230422t181825p0000-B_l3a-ch4-mf-v0_plume.tif,GAO20230422t181825p0000-B_l3a-ch4-mf-v0_plume.png,GAO20230422t181825p0000-B_l3a-ch4-mf-v0_rgb.tif,GAO20230422t181825p0000-B_l3a-ch4-mf-v0_rgb.png
GAO20230422t182600p0000-C,29.4001042178339,-95.7138984858751,2023-04-22T18:26:00Z,Other,CH4,mf,"[-95.71977108014708, 29.395087876489452, -95.70784921986008, 29.405474337087824]",GAO,2023-06-13T03:43:59Z,NA,NA,NA,NA,NA,NA,NA,NA,NA,NA,NA,Global Airborne Observatory,ASU GDCS,GAO20230422t182600p0000-C_l3a-ch4-mf-v0_plume.tif,GAO20230422t182600p0000-C_l3a-ch4-mf-v0_plume.png,GAO20230422t182600p0000-C_l3a-ch4-mf-v0_rgb.tif,GAO20230422t182600p0000-C_l3a-ch4-mf-v0_rgb.png
GAO20230430t182933p0000-C,29.40038712319317,-95.71397694068932,2023-04-30T18:29:33Z,Other,CH4,mf,"[-95.72143956452621, 29.39094143548956, -95.70332503990633, 29.406678281731686]",GAO,2023-06-12T18:45:58Z,NA,NA,NA,NA,NA,NA,NA,NA,NA,NA,NA,Global Airborne Observatory,ASU GDCS,GAO20230430t182933p0000-C_l3a-ch4-mf-v0_plume.tif,GAO20230430t182933p0000-C_l3a-ch4-mf-v0_plume.png,GAO20230430t182933p0000-C_l3a-ch4-mf-v0_rgb.tif,GAO20230430t182933p0000-C_l3a-ch4-mf-v0_rgb.png
GAO20230430t183547p0000-C,29.400261687432916,-95.71404997055387,2023-04-30T18:35:47Z,Other,CH4,mf,"[-95.72349577711445, 29.391081699874345, -95.70651680980511, 29.405829273194442]",GAO,2023-06-13T00:15:17Z,NA,NA,NA,NA,NA,NA,NA,NA,NA,NA,NA,Global Airborne Observatory,ASU GDCS,GAO20230430t183547p0000-C_l3a-ch4-mf-v0_plume.tif,GAO20230430t183547p0000-C_l3a-ch4-mf-v0_plume.png,GAO20230430t183547p0000-C_l3a-ch4-mf-v0_rgb.tif,GAO20230430t183547p0000-C_l3a-ch4-mf-v0_rgb.png
GAO20230430t184242p0000-E,29.5607635338485,-95.46917372812165,2023-04-30T18:42:42Z,Other,CH4,mf,"[-95.47464729820136, 29.555854053518825, -95.4629157212579, 29.566103497987886]",GAO,2023-06-13T02:43:35Z,NA,NA,NA,NA,NA,NA,NA,NA,NA,NA,NA,Global Airborne Observatory,ASU GDCS,GAO20230430t184242p0000-E_l3a-ch4-mf-v0_plume.tif,GAO20230430t184242p0000-E_l3a-ch4-mf-v0_plume.png,GAO20230430t184242p0000-E_l3a-ch4-mf-v0_rgb.tif,GAO20230430t184242p0000-E_l3a-ch4-mf-v0_rgb.png
GAO20230430t190032p0000-B,29.83204500906686,-95.11843968458028,2023-04-30T19:00:32Z,Other,CH4,mf,"[-95.12347763922189, 29.827261795227457, -95.11161428248546, 29.837598007686594]",GAO,2023-06-14T17:30:37Z,NA,NA,NA,NA,413.9562120885173,87.0240893631027,3.68359375,0.328857421875,236.69444274902344,17.46628189086914,hrrr,Global Airborne Observatory,ASU GDCS,GAO20230430t190032p0000-B_l3a-ch4-mf-v0_plume.tif,GAO20230430t190032p0000-B_l3a-ch4-mf-v0_plume.png,GAO20230430t190032p0000-B_l3a-ch4-mf-v0_rgb.tif,GAO20230430t190032p0000-B_l3a-ch4-mf-v0_rgb.png
